user_id,Q24_Chinese Ownership,Q24_Data Privacy Risks,Q24_Environmental Concerns,Q24_Fast Fashion Critique,Q24_Labor Exploitation,Q24_Low Product Quality,Q24_Negative Consumer Experiences,Q24_Scam and Deception,Q26_Chinese_Ownership,Q26_Data_Privacy,Q26_General_Dislike,Q26_Harmful_Content,Q26_Time_Wasting,Q26_Youth_Impact,Q27_Chinese Origin,Q27_Environmental Impact,Q27_General Dislike,Q27_Lack of Awareness,Q27_Low-Quality Goods,Q27_Service Issues
1000005,0,0,0,0,0,0,0,0,0,0,0,0,0,0,0,0,0,0,0,0
1000006,0,0,0,0,0,0,0,0,0,0,0,0,0,0,0,0,0,0,0,0
1000009,0,0,0,0,0,0,0,0,0,0,0,0,0,0,0,0,0,0,0,0
1000011,0,0,0,0,0,0,0,0,1,0,0,0,0,0,0,0,0,0,0,0
1000014,1,0,0,0,0,1,0,0,0,0,0,0,0,0,0,0,0,0,0,0
1000018,0,0,0,0,0,0,0,0,0,0,0,1,0,0,0,0,0,0,0,0
1000020,0,0,0,0,0,1,0,0,0,0,0,0,0,0,0,0,0,0,0,0
1000021,0,0,0,0,0,1,0,0,0,0,1,0,0,0,0,0,0,0,0,0
1000022,0,0,0,0,0,0,0,0,0,1,0,0,0,0,0,0,0,0,0,0
1000024,0,0,0,0,0,0,0,0,0,0,0,1,0,0,0,0,0,0,0,0
1000029,0,0,0,0,0,1,0,0,0,0,0,0,0,0,0,0,0,0,0,0
1000030,0,0,0,0,0,0,0,0,0,0,0,0,0,0,1,0,0,0,0,0
1000031,0,0,0,0,0,0,0,0,0,0,0,0,0,0,0,0,1,1,0,0
1000040,0,0,0,0,0,0,0,0,0,0,0,0,0,1,0,0,0,0,0,0
1000045,0,0,0,0,0,0,0,0,0,0,0,0,0,0,0,0,0,0,0,0
1000046,0,0,0,0,0,0,0,0,0,0,1,0,0,0,0,0,0,0,0,0
1000047,0,0,0,0,0,0,0,0,0,0,0,0,0,0,0,0,0,0,0,0
1000050,0,0,0,0,0,0,0,0,1,0,0,0,0,0,0,0,1,1,0,1
1000052,0,0,0,0,0,0,0,0,0,0,0,0,0,0,0,0,0,0,0,0
1000056,0,0,0,0,0,0,0,0,0,0,0,0,0,1,0,0,0,0,0,0
1000058,0,0,0,0,0,0,0,0,0,0,0,0,0,0,0,0,0,0,1,0
1000062,1,0,0,0,0,0,0,0,0,0,1,0,0,0,0,0,0,0,0,0
1000064,0,0,0,0,0,0,0,0,0,0,0,0,0,0,0,0,0,0,0,0
1000065,0,0,0,0,0,0,0,0,0,0,0,0,0,0,0,0,0,0,0,0
1000066,0,1,0,0,0,1,1,1,0,0,0,0,0,0,0,0,0,0,1,0
1000068,0,0,0,0,0,0,0,0,0,0,0,0,0,0,0,0,0,0,0,1
1000069,0,0,0,0,0,0,0,0,0,0,0,0,0,0,0,0,0,0,0,0
1000070,0,0,0,0,0,0,0,0,0,1,0,0,0,0,0,0,0,0,0,0
1000071,1,0,0,0,0,0,0,0,0,0,0,0,0,0,0,0,0,0,0,0
1000072,0,0,0,0,0,0,0,0,0,0,0,0,1,0,0,0,0,0,0,0
1000073,0,0,0,0,0,0,0,0,0,0,0,0,0,0,0,0,0,0,0,0
1000074,0,0,0,0,0,0,0,0,0,0,0,0,0,0,0,0,0,0,0,0
1000075,0,0,0,0,0,0,0,0,0,0,0,0,0,0,0,0,0,0,0,0
1000076,0,0,0,0,0,0,0,0,0,0,0,0,0,0,0,0,0,0,0,0
1000085,0,0,0,0,0,0,0,0,1,0,0,0,0,0,0,0,0,0,0,0
1000086,1,0,0,0,0,0,0,0,0,0,0,0,0,0,0,0,0,0,0,0
1000087,0,0,0,0,0,0,0,0,0,0,0,0,0,1,0,0,0,0,0,0
1000088,0,0,0,0,0,0,0,0,0,0,0,1,1,0,0,0,0,0,0,0
1000091,0,0,0,0,0,0,0,0,0,0,0,0,0,0,0,1,0,0,1,0
1000093,0,0,0,0,0,0,0,0,0,0,0,0,0,0,0,0,0,0,0,0
1000096,0,0,0,0,0,0,0,0,0,0,0,0,0,0,0,0,0,0,0,0
1000097,0,0,0,0,0,0,0,0,0,0,1,0,0,0,0,0,0,0,0,0
1000098,0,0,0,0,0,0,0,0,0,0,0,0,0,0,0,0,0,0,0,0
1000099,0,0,0,0,0,0,0,1,0,0,0,0,0,0,0,0,0,0,0,0
1000100,0,0,0,0,0,0,0,0,1,0,0,0,0,0,0,0,0,0,0,0
1000101,0,0,0,0,0,0,0,0,0,0,0,0,0,0,0,0,0,0,0,0
1000102,0,0,0,0,0,0,0,0,0,0,0,0,0,0,0,0,0,0,0,0
1000103,0,0,0,0,0,0,0,0,0,0,0,0,0,0,1,0,0,0,0,0
1000104,0,0,0,0,0,0,0,0,0,0,0,0,0,0,0,1,0,0,1,0
1000108,0,0,0,0,0,0,0,0,0,0,0,0,0,0,0,0,0,0,0,0
1000109,0,0,0,0,0,0,0,0,0,0,0,0,0,0,0,0,0,0,0,0
1000110,0,0,0,0,0,0,0,0,0,0,0,0,0,0,0,0,1,0,0,1
1000112,0,0,0,0,0,0,0,0,0,0,0,1,1,0,0,0,0,0,0,0
1000114,0,0,0,0,0,0,0,0,0,0,0,0,0,0,0,0,0,0,0,0
1000115,0,0,0,0,0,0,0,0,0,0,0,0,0,0,0,0,0,1,0,0
1000118,0,0,0,0,0,0,0,0,0,0,0,1,0,0,0,0,0,0,0,0
1000119,0,0,0,0,0,0,0,0,0,0,0,0,0,1,0,0,0,0,0,0
1000121,0,0,0,0,0,0,0,0,0,0,0,0,0,0,0,0,0,0,0,0
1000122,0,0,0,0,0,0,0,0,0,0,1,0,0,0,0,0,0,0,0,0
1000123,0,0,0,0,0,0,0,0,0,0,0,0,0,0,0,0,0,0,0,0
1000125,0,0,0,0,0,0,0,0,0,0,0,0,0,0,0,0,0,0,0,0
1000126,0,0,0,0,0,0,0,0,0,0,0,0,0,0,0,0,0,0,0,0
1000127,0,0,0,0,0,0,0,0,0,0,0,0,0,0,0,0,0,0,0,0
1000128,0,0,0,0,0,0,0,0,0,0,0,0,0,0,0,0,0,0,0,0
1000129,0,0,0,0,0,0,0,0,0,0,0,0,0,0,0,0,0,0,0,0
1000130,0,0,0,0,0,0,0,0,0,0,0,0,0,0,0,0,0,0,0,0
1000131,0,0,0,0,0,0,0,0,0,0,0,0,0,0,0,0,0,0,0,0
1000133,0,0,0,0,0,0,0,0,0,0,0,0,0,0,0,0,0,0,0,0
1000134,0,0,0,0,0,0,0,0,0,0,0,0,0,0,0,0,0,0,0,0
1000135,0,0,0,0,0,0,0,0,0,1,0,0,0,0,0,0,0,0,0,0
1000136,0,0,0,0,0,0,0,0,0,0,0,0,0,0,0,0,0,0,0,0
1000138,0,0,0,0,0,0,0,0,0,0,0,0,0,0,0,0,0,0,0,0
1000139,0,0,0,0,0,0,0,1,0,0,0,0,0,0,0,0,0,0,0,0
1000141,0,0,0,0,0,0,0,0,0,0,0,0,0,0,0,0,0,0,0,0
1000142,0,0,0,0,0,0,0,0,0,0,0,0,0,0,0,0,0,0,0,0
1000143,0,0,0,0,0,0,0,0,0,0,0,0,0,0,0,0,0,0,0,0
1000144,0,0,0,0,0,0,0,0,0,0,0,0,0,0,0,0,0,0,0,0
1000146,0,0,0,0,0,0,0,0,0,0,0,0,0,0,0,0,0,0,1,0
1000147,0,0,0,0,0,0,0,0,0,0,0,0,1,0,0,0,0,0,0,0
1000148,0,0,0,0,0,0,0,0,0,0,0,0,0,0,0,0,0,0,0,0
1000149,0,0,0,0,0,0,0,0,0,0,1,0,0,0,0,0,0,0,0,0
1000150,0,0,0,0,0,0,0,0,1,0,0,0,0,0,0,0,0,0,0,0
1000151,0,0,0,0,0,0,0,0,0,0,0,0,0,0,0,0,0,0,0,0
1000152,0,0,0,0,0,0,0,0,0,0,0,0,0,0,0,0,0,0,0,0
1000163,0,0,0,0,0,0,0,0,0,0,0,0,1,1,0,0,0,0,0,0
1000206,0,0,0,0,0,0,0,0,0,0,0,0,0,0,0,0,0,0,0,0
1000207,0,0,0,0,0,0,0,0,0,0,0,0,0,0,0,0,0,0,0,0
1000208,0,0,0,0,0,0,0,0,0,0,0,0,0,0,0,0,0,0,0,0
1000218,0,0,0,0,0,0,0,0,0,0,0,0,0,0,0,0,0,0,0,0
1000222,0,0,0,0,0,0,0,0,0,0,0,0,0,0,0,0,0,0,0,0
1000223,0,0,0,0,0,0,0,0,0,0,0,0,0,0,0,0,0,0,0,0
1000225,0,0,0,0,0,0,0,0,0,0,0,0,0,0,0,0,0,0,0,0
1000226,0,0,0,0,0,0,0,0,0,0,0,0,0,0,0,0,0,0,0,0
1000227,0,0,0,0,0,0,0,0,0,0,0,0,0,0,0,0,0,0,0,0
1000228,0,0,0,0,0,0,0,0,0,0,0,0,0,0,0,0,0,0,0,0
1000229,0,0,0,0,0,0,0,0,0,0,0,0,0,0,0,0,0,0,0,0
1000230,0,0,0,0,0,0,0,0,0,0,0,0,0,0,0,0,0,0,0,0
1000231,0,0,0,0,0,0,0,0,0,1,0,0,0,0,0,0,0,0,0,0
1000232,0,0,0,0,0,0,0,0,0,0,0,0,0,0,0,0,0,0,0,0
1000233,0,0,0,0,0,0,0,0,0,0,0,0,1,0,0,0,0,0,0,0
1000234,0,0,0,0,0,0,0,0,0,0,0,0,0,0,0,0,0,0,0,0
1000236,0,0,0,0,0,0,0,0,0,0,0,0,0,0,0,0,0,0,0,0
1000237,0,0,0,0,0,0,0,0,0,0,0,0,0,0,0,0,0,0,0,0
1000238,0,0,0,0,0,0,0,0,0,0,0,0,0,0,0,0,0,0,0,0
1000239,0,0,0,0,0,0,0,0,0,0,0,0,0,0,0,0,0,0,0,0
1000240,0,0,0,0,0,0,0,0,0,0,0,0,0,0,0,0,0,0,0,0
1000241,0,0,0,0,0,0,0,0,0,0,0,0,0,0,0,0,0,0,0,0
1000242,0,0,0,0,0,0,0,0,0,0,0,0,0,0,0,0,0,0,0,0
1000244,0,0,0,0,0,0,0,0,0,0,0,0,0,0,1,0,0,0,0,0
1000245,0,0,0,0,0,0,0,0,0,0,0,0,0,0,0,0,0,0,0,0
1000246,0,0,0,0,0,0,0,0,0,0,0,0,0,0,0,0,0,0,0,0
1000247,0,0,0,0,0,0,0,0,0,0,0,0,0,0,0,0,0,0,0,0
1000252,0,0,0,0,0,0,0,0,0,0,0,0,0,0,0,0,0,0,0,0
1000253,0,0,0,0,0,0,0,0,0,0,0,0,0,0,0,0,0,0,0,0
1000256,0,0,0,0,0,0,0,0,1,0,0,0,0,0,0,0,0,0,0,0
1000257,0,0,0,0,0,0,0,0,0,0,0,0,0,0,0,0,0,0,0,0
1000258,0,0,0,0,0,0,0,0,0,0,0,0,0,0,0,0,0,0,0,0
1000259,0,0,0,0,0,0,0,0,0,1,0,0,0,0,0,0,0,0,0,0
1000261,0,0,0,0,0,0,0,0,0,0,0,0,0,0,0,0,0,0,0,0
1000263,0,0,0,0,0,0,0,0,0,0,0,0,0,0,0,0,0,0,0,0
1000264,0,0,0,0,0,0,0,0,0,0,0,0,0,0,0,0,0,0,0,0
1000266,0,0,0,0,0,0,0,0,0,0,0,0,0,0,0,0,0,0,0,0
1000267,0,0,0,0,0,0,0,0,0,0,0,0,0,0,0,0,0,0,0,0
1000269,0,0,0,0,0,0,0,0,0,0,0,0,0,0,0,0,0,0,0,0
1000270,0,0,0,0,0,0,0,0,0,0,0,0,0,0,0,0,0,0,0,0
1000271,0,0,0,0,0,0,0,0,0,0,0,1,0,0,0,0,0,0,0,0
1000272,0,0,0,0,0,0,0,0,0,0,0,0,0,0,0,0,0,0,0,0
1000274,0,0,0,0,0,0,0,0,0,0,0,0,0,0,0,0,0,0,0,0
1000275,0,0,0,0,0,0,0,0,0,0,0,0,0,0,0,0,0,0,0,0
1000277,0,0,0,0,0,0,0,0,0,0,0,0,0,0,0,0,0,0,0,0
1000278,0,0,0,0,0,0,0,0,0,0,0,0,0,0,0,0,0,0,0,0
1000279,0,0,0,0,0,0,0,0,0,0,0,0,0,0,0,0,0,0,0,0
1000280,0,0,0,0,0,0,0,0,0,0,0,0,0,0,0,0,0,0,0,0
1000281,0,0,0,0,0,0,0,0,0,0,0,0,0,0,1,0,0,0,0,0
1000283,0,0,0,0,0,0,0,0,0,0,0,0,0,0,0,0,0,0,0,0
1000284,0,0,0,0,0,0,0,0,0,0,0,0,0,0,0,0,0,0,0,0
1000285,0,0,0,0,0,0,0,0,0,0,0,0,0,0,0,0,0,0,0,0
1000286,0,0,0,0,0,0,0,0,0,0,0,0,0,0,0,0,0,0,0,0
1000289,0,0,0,0,0,0,0,0,0,0,0,0,0,0,0,0,0,0,0,0
1000290,0,0,0,0,0,0,0,0,0,0,0,0,0,0,0,0,0,0,0,0
1000291,0,0,0,0,0,0,0,0,0,0,0,0,0,0,0,0,0,0,0,0
1000292,0,0,0,0,0,0,0,0,0,0,0,0,0,0,0,0,0,0,0,0
1000293,0,0,0,0,0,0,0,0,0,0,0,0,0,0,0,0,0,0,0,0
1000294,0,0,0,0,0,0,0,0,0,0,0,0,0,0,0,0,0,0,0,0
1000295,0,0,0,0,0,0,0,0,0,0,0,0,0,0,0,0,0,1,0,0
1000296,0,0,0,0,0,0,0,0,0,0,0,0,0,0,0,0,0,0,0,0
1000297,0,0,0,0,0,0,0,0,0,0,0,0,0,0,0,0,0,0,0,0
1000298,0,0,0,0,0,0,0,0,0,0,0,0,0,0,0,0,0,0,0,0
1000299,0,0,0,0,0,0,0,0,0,0,0,0,0,0,0,0,0,0,0,0
1000302,0,0,0,0,0,0,0,0,0,0,0,0,0,0,0,0,0,0,0,0
1000303,0,0,0,0,0,0,0,0,0,0,0,0,0,0,0,0,0,0,0,0
1000305,0,0,0,0,0,0,0,0,0,0,0,0,0,0,0,0,0,0,0,0
1000308,0,0,0,0,0,0,0,0,0,0,0,0,0,0,0,0,0,0,0,0
1000310,0,0,0,0,0,0,0,0,0,0,0,0,0,0,0,0,0,0,0,0
1000312,0,0,0,0,0,0,0,0,0,0,0,0,0,0,0,0,0,0,0,0
1000313,0,0,0,0,0,0,0,0,0,1,0,0,0,0,0,0,0,0,0,0
1000314,0,0,0,0,0,0,0,0,0,0,0,0,0,0,0,0,0,0,0,0
1000315,0,0,0,0,0,0,0,0,0,0,0,0,0,0,0,0,0,0,0,0
1000316,0,0,0,0,0,0,0,0,0,0,0,0,0,0,0,0,0,0,0,0
1000318,0,0,0,0,0,0,0,0,0,0,0,0,0,0,0,0,0,0,0,0
1000319,0,0,0,0,0,0,0,0,0,0,0,0,0,0,0,0,0,0,0,0
1000320,0,0,0,0,0,0,0,0,0,0,0,0,0,0,0,0,0,0,0,0
1000324,0,0,0,0,0,0,0,0,0,0,0,0,0,0,0,0,0,0,0,0
1000325,0,0,0,0,0,0,0,0,0,0,0,0,0,0,0,0,0,0,0,0
1000326,0,0,0,0,0,0,0,0,0,0,0,0,0,0,0,0,0,0,0,0
1000327,0,0,0,0,0,0,0,0,0,0,0,0,0,0,0,0,0,0,0,0
1000328,0,0,0,0,0,0,0,0,0,0,0,0,0,0,0,0,0,0,0,0
1000329,0,0,0,0,0,0,0,0,0,0,0,0,0,0,0,0,0,0,0,0
1000330,0,0,0,0,0,0,0,0,0,0,0,0,0,0,0,0,0,0,0,0
1000331,0,0,0,0,0,0,0,0,0,0,0,0,0,0,0,0,0,0,0,0
1000333,0,0,0,0,0,0,0,0,0,0,0,0,0,0,0,0,0,0,0,0
1000334,0,0,0,0,0,0,0,0,0,0,0,0,0,0,0,0,0,0,0,0
1000335,0,0,0,0,0,0,0,0,0,0,0,0,0,0,0,0,0,0,0,0
1000336,0,0,0,0,0,0,0,0,0,0,0,0,0,0,0,0,0,0,0,0
1000337,0,0,0,0,0,0,0,0,0,0,0,0,0,0,0,0,0,0,0,0
1000339,0,0,0,0,0,0,0,0,0,0,0,0,0,0,0,0,0,0,0,0
1000340,0,0,0,0,0,0,0,0,0,0,0,0,0,0,0,0,0,0,0,0
1000341,0,0,0,0,0,0,0,0,0,0,0,0,0,0,0,0,0,0,0,0
1000342,0,0,0,0,0,0,0,0,0,0,0,0,0,0,1,0,0,0,0,0
1000343,0,0,0,0,0,0,0,0,0,0,0,0,0,0,0,0,0,0,0,0
1000344,0,0,0,0,0,0,0,0,0,0,0,0,0,0,0,0,0,0,0,0
1000345,0,0,0,0,0,0,0,0,0,0,0,0,0,0,0,0,0,0,0,0
1000346,0,0,0,0,0,0,0,0,0,0,0,0,0,0,0,0,0,0,0,0
1000347,0,0,0,0,0,0,0,0,0,0,0,0,0,0,0,0,0,0,0,0
1000348,0,0,0,0,0,0,0,0,0,0,0,0,0,0,0,0,0,0,0,0
1000349,0,0,0,0,0,0,0,0,0,0,0,0,0,0,0,0,0,0,0,0
1000350,0,0,0,0,0,0,0,0,0,0,0,0,0,0,0,0,0,0,0,0
1000352,0,0,0,0,0,0,0,0,0,0,0,0,0,0,0,0,0,0,0,0
1000353,0,0,0,0,0,0,0,0,0,0,0,0,0,0,0,0,0,0,0,0
1000354,0,0,0,0,0,0,0,0,0,0,0,0,0,0,0,0,0,0,0,0
1000355,0,0,0,0,0,0,0,0,0,0,0,0,0,0,0,0,0,0,0,0
1000356,0,0,0,0,0,0,0,0,0,0,0,0,0,0,0,0,0,0,0,0
1000357,0,0,0,0,0,0,0,0,0,0,0,0,0,0,0,0,0,0,0,0
1000358,0,0,0,0,0,0,0,0,0,0,0,0,0,0,0,0,0,0,0,0
1000359,0,0,0,0,0,0,0,0,0,0,0,0,0,0,0,0,0,0,0,0
1000360,0,0,0,0,0,0,0,0,0,0,0,0,0,0,0,0,0,0,0,0
1000578,0,0,0,0,0,0,0,0,0,0,0,0,0,0,0,0,0,0,0,0
1000579,0,0,0,0,0,0,0,0,0,0,0,0,0,0,0,0,0,0,0,0
1000581,0,0,0,0,0,0,0,0,0,0,0,0,0,1,0,0,0,0,0,0
1000582,0,0,0,0,0,0,0,0,0,0,0,0,0,0,0,0,0,0,0,0
1000583,0,0,0,0,0,0,0,0,0,0,0,0,0,0,0,0,0,0,0,0
1000584,0,0,0,0,0,0,0,0,0,0,0,0,0,0,0,0,0,0,0,0
1000585,0,0,0,0,0,0,0,0,0,0,0,0,0,0,0,0,0,0,0,0
1000587,1,0,0,0,0,0,0,0,0,0,0,0,0,0,0,0,0,0,0,0
1000589,0,0,0,0,0,0,0,0,0,0,0,0,1,0,0,0,0,0,0,0
1000590,0,0,0,0,0,0,0,0,0,0,0,0,0,0,0,0,0,0,0,0
1000591,0,0,0,0,0,0,0,0,0,0,1,0,0,0,0,0,1,1,0,0
1000592,0,0,0,0,0,0,0,0,0,0,0,0,0,0,0,0,0,0,0,0
1000593,0,0,0,0,0,0,0,0,0,0,0,0,0,0,0,0,0,0,0,0
1000594,0,0,0,0,0,0,0,0,0,1,0,0,0,0,0,0,0,0,0,0
1000596,0,0,0,0,0,0,0,0,0,0,0,0,0,0,0,0,0,0,0,0
1000597,0,0,0,0,0,0,0,0,0,0,0,0,0,0,0,0,0,0,0,1
1000598,0,0,0,0,0,0,0,0,0,0,0,0,0,0,0,0,0,0,0,0
1000599,0,0,0,0,0,0,0,0,0,0,0,0,0,0,0,0,0,0,0,0
1000600,0,0,0,0,0,0,0,0,0,0,0,0,0,0,0,0,0,0,0,0
1000601,0,0,0,0,0,0,0,0,0,0,0,0,0,0,0,0,0,0,0,0
1000602,0,0,0,0,0,0,0,0,0,0,0,0,0,0,0,0,0,0,0,0
1000603,0,0,0,0,0,0,0,0,0,0,0,0,0,0,0,0,0,0,0,0
1000604,0,0,0,0,0,0,0,0,0,0,0,0,1,0,0,0,0,0,0,0
1000605,0,0,0,0,0,0,0,0,0,0,0,0,0,0,0,0,0,0,0,0
1000606,0,0,0,0,0,0,0,0,0,0,1,0,0,0,0,0,0,0,0,0
1000607,0,0,0,0,0,0,0,0,0,0,0,0,0,1,0,0,0,0,0,0
1000608,0,0,0,0,0,0,0,0,0,0,0,0,0,0,0,0,0,0,0,0
1000611,0,0,0,0,0,0,0,0,0,0,0,0,0,0,0,0,0,0,0,0
1000612,0,0,0,0,0,0,0,0,0,0,0,0,0,0,0,0,0,0,0,0
1000613,0,0,0,0,0,0,0,0,0,0,0,0,0,0,0,0,0,0,0,0
1000614,0,0,0,0,0,0,0,0,0,0,0,0,0,0,0,0,0,0,0,0
1000616,0,0,0,0,0,0,0,0,0,0,0,1,0,0,0,0,0,0,0,0
1000617,0,0,0,0,0,0,0,0,0,0,0,0,0,0,0,0,0,0,0,0
1000618,0,0,0,0,0,0,0,0,0,0,0,0,0,0,0,0,0,0,0,0
1000619,0,0,0,0,0,0,0,0,0,0,0,0,0,0,0,0,0,0,0,0
1000622,0,0,0,0,0,0,0,0,0,0,0,0,0,0,0,0,0,0,0,0
1000625,0,0,0,0,0,0,0,0,0,0,0,0,0,0,0,0,0,0,0,0
1000627,0,0,0,0,0,0,0,0,0,0,0,0,0,0,0,0,0,0,0,0
1000628,0,0,0,0,0,0,0,0,0,0,0,0,0,0,0,0,0,0,0,0
1000629,0,0,0,0,0,0,0,0,0,0,0,0,0,0,0,0,0,0,0,0
1000630,0,0,0,0,0,0,0,0,0,0,0,0,0,0,0,0,0,0,0,0
1000632,0,0,0,0,0,0,0,0,0,0,0,0,0,0,0,0,0,0,0,0
1000633,0,0,0,0,0,0,0,0,0,0,0,0,0,0,0,0,0,0,0,0
1000634,0,0,0,0,0,0,0,0,0,0,0,0,0,0,0,0,0,0,0,0
1000635,0,0,0,0,0,0,0,0,0,0,0,0,0,0,0,0,0,0,0,0
1000636,0,0,0,0,0,0,0,0,0,0,0,0,0,0,0,0,0,0,0,0
1000637,0,0,0,0,0,0,0,0,0,0,0,0,0,0,0,0,0,0,0,0
1000639,0,0,0,0,0,0,0,0,0,0,0,0,0,0,0,0,0,0,0,0
1000642,0,0,0,0,0,0,0,0,0,0,0,0,0,0,0,0,0,0,0,0
1000647,0,0,0,0,0,0,0,0,0,0,1,0,0,0,0,0,0,0,0,0
1000648,0,0,0,0,0,0,0,0,0,0,0,0,0,0,0,0,0,0,0,1
1000651,0,0,0,0,0,0,0,0,0,0,0,0,0,0,0,0,0,0,0,0
1000653,0,0,0,0,0,0,0,0,0,0,0,0,0,0,0,0,0,0,0,0
1000659,0,0,0,0,0,0,0,0,0,0,0,0,0,0,0,0,0,0,0,0
1000678,0,0,0,0,0,0,0,0,0,0,0,0,0,0,0,0,0,0,0,0
1000679,0,0,0,0,0,0,0,0,0,0,0,0,0,0,0,0,0,0,0,0
1000680,0,0,0,0,0,0,0,0,0,0,0,0,0,0,0,0,0,0,0,0
1000681,0,0,0,0,0,0,0,0,0,0,0,0,0,0,0,0,0,0,0,0
1000682,0,0,0,0,0,0,0,0,0,0,0,0,0,0,0,0,0,0,0,0
1000683,0,0,0,0,0,0,0,0,0,0,0,0,0,0,0,0,0,0,0,0
1000684,0,0,0,0,0,0,0,0,0,0,0,0,0,0,0,0,0,0,0,0
1000685,0,0,0,0,0,0,0,0,0,0,0,0,1,0,0,0,0,0,0,0
1000687,0,0,0,0,0,0,0,0,0,0,0,0,0,0,0,0,1,0,0,0
1000688,0,0,0,0,0,0,0,0,0,0,0,0,0,0,0,0,0,0,0,0
1000689,0,0,0,0,0,0,0,0,0,0,0,0,0,0,0,0,0,0,0,0
1000690,0,0,0,0,0,0,0,0,0,0,0,0,0,0,0,0,0,0,0,0
1000692,0,0,0,0,0,0,0,0,0,0,0,0,0,0,0,0,0,0,0,0
1000693,0,0,0,0,0,0,0,0,0,0,0,0,0,0,0,0,0,0,0,0
1000694,0,0,0,0,0,0,0,0,0,0,0,0,0,0,0,0,0,0,0,0
1000695,0,0,0,0,0,0,0,0,0,0,0,0,0,0,0,0,0,0,0,0
1000696,0,0,0,0,0,0,0,0,0,0,0,0,0,0,0,0,0,0,0,0
1000697,0,0,0,0,0,0,0,0,0,0,0,0,0,0,0,0,0,0,0,0
1000698,0,0,0,0,0,0,1,1,0,0,0,0,0,0,0,0,0,0,0,0
1000699,0,0,0,0,0,0,0,0,0,0,0,0,0,0,0,0,0,0,0,0
1000701,0,0,0,0,0,0,0,0,0,0,0,0,0,0,0,0,0,0,0,0
1000702,0,0,0,0,0,0,0,0,0,0,0,0,0,0,0,0,0,0,0,0
1000703,0,0,0,0,0,0,0,0,0,0,0,0,0,0,0,0,0,0,0,0
1000704,0,0,0,0,0,0,0,0,0,0,0,0,0,0,0,0,0,0,0,0
1000705,0,0,0,0,0,0,0,0,0,0,0,0,0,0,0,0,0,0,0,0
1000706,0,0,0,0,0,0,0,0,0,0,0,0,0,0,0,0,0,0,0,0
1000707,0,0,0,0,0,0,0,0,0,0,0,0,0,0,0,0,0,0,0,0
1000708,0,0,0,0,0,0,0,0,0,0,0,0,0,0,0,0,0,0,0,0
1000709,0,0,0,0,0,0,0,0,0,0,0,0,0,0,0,0,0,0,0,0
1000712,0,0,0,0,0,0,0,0,0,0,0,0,0,0,0,1,0,0,0,0
1000713,0,0,0,0,0,0,0,0,0,0,0,0,0,0,0,0,0,0,0,0
1000714,0,0,0,0,0,0,0,0,0,0,0,0,0,0,0,0,0,0,0,0
1000715,0,0,0,0,0,0,0,0,0,0,0,1,0,0,0,0,0,0,0,0
1000716,0,0,0,0,0,0,0,0,0,0,0,0,0,0,0,0,0,0,0,0
1000718,0,0,0,0,0,0,0,0,0,0,0,0,0,1,0,0,0,0,0,0
1000719,0,0,0,0,0,0,0,0,0,0,0,0,0,0,0,0,0,0,0,0
1000720,0,0,0,0,0,0,0,0,0,0,0,0,0,0,0,0,0,0,0,0
1000724,0,0,0,0,0,0,0,0,0,0,0,0,0,0,0,0,0,0,0,0
1000725,0,0,0,0,0,0,0,0,0,0,0,1,0,0,0,0,0,0,0,0
1000726,0,0,0,0,0,0,0,0,0,0,0,0,0,0,0,0,0,0,0,0
1000727,0,0,0,0,0,0,0,0,0,0,0,0,0,0,0,0,0,0,0,0
1000728,0,0,0,0,0,0,0,0,0,0,0,0,0,0,0,0,0,0,0,0
1000733,0,0,0,0,0,0,0,0,0,0,0,0,0,0,0,0,0,0,0,0
1000734,0,0,0,0,0,0,0,0,0,0,0,0,0,0,0,0,0,0,0,0
1000735,0,0,0,0,0,0,0,0,0,0,0,0,0,0,0,0,0,0,0,0
1000737,0,0,0,0,0,0,0,0,0,0,0,0,0,0,0,0,0,0,0,0
1000738,0,0,0,0,0,0,0,0,0,0,0,0,0,0,0,0,0,0,0,0
1000739,0,0,0,0,0,0,0,0,0,0,0,0,0,0,0,0,0,0,0,0
1000740,0,0,0,0,0,0,0,0,0,0,0,0,0,0,0,0,0,0,0,0
1000741,0,0,0,0,0,0,0,0,0,0,0,0,0,0,0,0,0,0,0,0
1000742,0,0,0,0,0,0,0,0,0,0,0,0,0,0,0,1,0,0,0,0
1000743,0,0,0,0,0,0,0,0,0,0,0,0,0,0,0,0,0,0,0,0
1000744,0,0,0,0,0,0,0,0,0,0,0,0,0,0,0,0,0,0,0,0
1000745,0,0,0,0,0,0,0,0,0,0,0,0,0,0,0,0,0,0,0,0
1000746,0,0,0,0,0,0,0,0,0,0,0,0,0,0,0,0,0,0,0,0
1000748,0,0,0,0,0,0,0,0,0,0,0,0,0,0,0,0,0,0,0,0
1000753,0,0,0,0,0,0,0,0,0,0,0,0,0,0,0,0,0,0,0,0
1000754,0,0,0,0,0,0,0,0,0,0,0,0,0,0,0,0,0,0,0,0
1000755,0,0,0,0,0,0,0,0,0,0,0,0,0,0,0,0,0,0,0,0
1000756,0,0,0,0,0,0,0,0,0,0,0,0,0,0,0,0,0,0,0,0
1000757,0,0,0,0,0,0,0,0,0,1,0,0,0,0,0,0,0,0,0,0
1000758,0,0,0,0,0,0,0,0,0,0,0,0,0,0,0,0,0,0,0,0
1000759,0,0,0,0,0,0,0,0,0,0,0,0,0,0,0,0,0,0,0,0
1000760,0,0,0,0,0,0,0,0,0,0,0,0,0,0,0,0,0,0,0,0
1000761,0,0,0,0,0,0,0,0,0,0,0,0,0,0,0,0,0,0,0,0
1000762,0,0,0,0,0,0,0,0,0,0,0,0,0,0,0,0,0,0,0,0
1000763,0,0,0,0,0,0,0,0,0,0,0,0,0,0,0,0,0,0,0,0
1000764,0,0,0,0,0,0,0,0,0,0,0,0,0,0,0,0,0,0,0,0
1000766,0,0,0,0,0,0,0,0,0,0,0,0,0,0,0,0,0,0,0,0
1000767,0,0,0,0,0,0,0,0,0,0,0,0,0,0,0,0,0,0,0,0
1000771,0,0,0,0,0,0,0,0,0,0,0,0,0,0,0,0,0,0,0,0
1000772,0,0,0,0,0,0,0,0,0,0,0,0,0,0,0,0,0,0,0,0
1000773,0,0,0,0,0,0,0,0,0,0,0,0,0,0,0,0,0,0,0,0
1000774,0,0,0,0,0,0,0,0,0,0,0,0,0,0,0,0,0,0,0,0
1000775,0,0,0,0,0,0,0,0,0,0,0,0,0,0,0,0,0,0,0,0
1000776,0,0,0,0,0,0,0,0,0,0,0,0,0,0,0,0,0,0,0,0
1000777,0,0,0,0,0,0,0,0,0,0,0,0,0,0,0,0,0,0,0,0
1000778,0,0,0,0,0,0,0,0,0,0,0,0,0,0,0,0,0,0,0,0
1000779,0,0,0,0,0,0,0,0,0,0,0,0,0,0,0,0,0,0,0,0
1000780,0,0,0,0,0,0,0,0,0,0,0,0,0,0,0,0,0,0,0,0
1000781,0,0,0,0,0,0,0,0,0,0,0,0,0,0,0,0,0,0,0,0
1000782,0,0,0,0,0,0,0,0,0,0,0,0,0,0,0,0,0,0,0,0
1000783,0,0,0,0,0,0,0,0,0,0,0,0,0,0,0,0,0,0,0,0
1000786,0,0,0,0,0,0,0,0,0,0,0,0,0,0,0,0,0,0,0,0
1000789,0,0,0,0,0,0,0,0,0,0,0,0,0,0,0,0,0,0,0,0
1000791,0,0,0,0,0,0,0,0,0,0,0,0,0,0,0,0,0,0,0,0
1000793,0,0,0,0,0,0,0,0,0,0,0,0,0,0,0,0,0,0,0,0
1000794,0,0,0,0,0,0,0,0,0,0,0,0,0,0,0,0,0,0,0,0
1000795,0,0,0,0,0,0,0,0,0,0,0,0,0,0,0,0,0,0,0,0
1000796,0,0,0,0,0,0,0,0,0,0,0,0,0,0,0,0,0,0,0,0
1000797,0,0,0,0,0,0,0,0,0,0,0,0,0,0,0,0,0,0,0,0
1000798,0,0,0,0,0,0,0,0,0,0,0,0,0,0,0,0,0,0,0,0
1000799,0,0,0,0,0,0,0,0,0,0,0,0,0,0,0,0,0,0,0,0
1000800,0,0,0,0,0,0,0,0,0,0,0,0,0,0,0,0,0,0,0,0
1000801,0,0,0,0,0,0,0,0,0,0,0,0,0,0,0,0,0,0,0,0
1000803,0,0,0,0,0,0,0,0,0,0,0,0,0,0,0,0,0,0,0,0
1000804,0,0,0,0,0,0,0,0,0,0,0,0,0,0,0,0,0,0,0,0
1000807,0,0,0,0,0,0,0,0,0,0,0,0,0,0,0,0,0,0,0,0
1000810,0,0,0,0,0,0,0,0,0,0,0,0,0,0,0,0,0,0,0,0
1000814,0,0,0,0,0,0,0,0,0,0,0,0,0,0,0,0,0,0,0,0
1000815,0,0,0,0,0,0,0,0,0,0,0,0,0,0,0,0,0,0,0,0
1000817,0,0,0,0,0,0,0,0,0,0,0,0,0,0,0,0,0,0,0,0
1000818,0,0,0,0,0,0,0,0,0,0,0,0,0,0,0,0,0,0,0,0
1000819,0,0,0,0,0,0,0,0,0,0,0,0,0,0,0,0,0,0,0,0
1000820,0,0,0,0,0,0,0,0,0,0,0,0,0,0,0,1,0,0,0,0
1000821,0,0,0,0,0,0,0,0,0,0,0,0,0,0,0,0,0,0,0,0
1000822,0,0,0,0,0,0,0,0,0,0,0,0,0,0,0,0,0,0,0,0
1000823,0,0,0,0,0,0,0,0,0,0,0,0,0,0,0,0,0,0,0,0
1000824,0,0,0,0,0,0,0,0,0,0,0,0,0,0,0,0,0,0,0,0
1000825,0,0,0,0,0,0,0,0,0,0,0,0,0,0,0,0,0,0,0,0
1000826,0,0,0,0,0,0,0,0,0,0,0,0,0,0,0,0,0,0,0,0
1000827,0,0,0,0,0,0,0,0,0,0,0,0,0,0,0,0,0,0,0,0
1000828,0,0,0,0,0,0,0,0,0,0,0,0,0,0,0,0,0,0,0,0
1000829,0,0,0,0,0,0,0,0,0,0,0,0,0,0,0,0,0,0,0,0
1000830,0,0,0,0,0,0,0,0,0,1,0,0,0,0,0,0,0,0,0,0
1000832,0,0,0,0,0,0,0,0,0,0,0,0,0,0,0,0,0,0,0,0
1000833,0,0,0,0,0,0,0,0,0,0,0,0,0,0,0,0,0,0,0,0
1000839,0,0,0,0,0,0,0,0,0,0,0,0,0,0,0,0,0,0,0,0
1000840,0,0,0,0,0,0,0,0,0,0,0,0,0,0,0,0,0,0,0,0
1000841,0,0,0,0,0,0,0,0,0,0,0,0,0,0,0,0,0,0,0,0
1000842,0,0,0,0,0,0,0,0,0,0,0,0,0,0,0,0,0,0,0,0
1000843,0,0,0,0,0,0,0,0,0,0,0,0,0,0,0,0,0,0,0,0
1000844,0,0,0,0,0,0,0,0,0,0,0,0,0,0,0,0,0,0,0,0
1000845,0,0,0,0,0,0,0,0,0,0,0,0,0,0,0,0,0,0,0,0
1000846,0,0,0,0,0,0,0,0,0,0,0,0,0,0,0,0,0,0,0,0
1000847,0,0,0,0,0,0,0,0,0,0,0,0,0,0,0,0,0,0,0,0
1000848,0,0,0,0,0,0,0,0,0,0,0,0,0,0,0,0,0,0,0,0
1000849,0,0,0,0,0,0,0,0,0,0,0,0,0,0,0,0,0,0,0,0
1000850,0,0,0,0,0,0,0,0,1,0,0,0,0,0,0,0,0,0,0,0
1000851,0,0,0,0,0,0,0,0,0,0,0,0,0,0,0,0,0,0,0,0
1000852,0,0,0,0,0,0,0,0,0,0,0,0,0,0,0,0,0,0,0,0
1000853,0,0,0,0,0,0,0,0,0,0,0,0,0,0,0,0,0,0,0,0
1000854,0,0,0,0,0,0,0,0,0,0,0,0,0,0,0,0,0,0,0,0
1000856,0,0,0,0,0,0,0,0,0,0,0,0,0,0,0,0,0,0,0,0
1000857,0,0,0,0,0,0,0,0,0,0,0,0,0,0,0,0,0,0,0,0
1000859,0,0,0,0,0,0,0,0,0,0,0,0,0,0,0,0,0,0,0,0
1000860,0,0,0,0,0,0,0,0,0,0,0,0,0,0,0,0,0,0,0,0
1000863,0,0,0,0,0,0,0,0,0,0,0,0,0,0,0,0,0,0,0,0
1000865,0,0,0,0,0,0,0,0,0,0,0,0,0,0,0,0,0,0,0,0
1000866,0,0,0,0,0,0,0,0,0,0,0,0,0,0,0,0,0,0,0,0
1000868,0,0,0,0,0,0,0,0,0,0,0,0,0,0,0,0,0,0,0,0
1000870,0,0,0,0,0,0,0,0,0,0,0,0,0,0,0,0,0,0,0,0
1000872,0,0,0,0,0,0,0,0,0,0,0,0,0,0,0,0,0,0,0,0
1000874,0,0,0,0,0,0,0,0,0,0,0,0,0,0,0,0,0,0,0,0
1000877,0,0,0,0,0,0,0,0,0,0,0,0,0,0,0,0,0,0,0,0
1000878,0,0,0,0,0,0,0,0,0,0,0,0,0,0,0,0,0,0,0,0
1000880,0,0,0,0,0,0,0,0,0,0,0,0,0,0,0,0,0,0,0,0
1000881,0,0,0,0,0,0,0,0,0,0,0,0,0,0,0,0,0,0,0,0
1000885,0,0,0,0,0,0,0,0,0,0,0,0,0,0,0,0,0,0,0,0
1000887,0,0,0,0,0,0,0,0,0,0,0,0,0,0,0,0,0,0,0,0
1000888,0,0,0,0,0,0,0,0,0,0,0,0,0,0,0,0,0,0,0,0
1000889,0,0,0,0,0,0,0,0,0,0,0,0,0,0,0,0,0,0,0,0
1000895,0,0,0,0,0,0,0,0,0,0,0,0,0,0,0,0,0,0,0,0
1000900,0,0,0,0,0,0,0,0,0,0,0,0,0,0,0,0,0,0,0,0
1000901,0,0,0,0,0,0,0,0,0,0,0,0,0,0,0,0,0,0,0,0
1000919,0,0,0,0,0,0,0,0,0,0,0,0,0,0,0,0,0,0,0,0
1000921,0,0,0,0,0,0,0,0,0,0,0,1,0,0,0,0,0,0,0,0
1000922,0,0,0,0,0,0,0,0,0,0,0,0,0,0,0,0,0,0,0,0
1000923,0,0,0,0,0,0,0,0,0,0,0,0,0,0,0,0,0,0,0,0
1000924,0,0,0,0,0,0,0,0,0,0,0,0,0,0,0,0,0,0,0,0
1000925,0,0,0,0,0,0,0,0,0,0,0,0,0,0,0,0,0,0,0,0
1000929,0,0,0,0,0,0,0,0,0,0,0,0,0,0,0,0,0,0,0,0
1000931,0,0,0,0,0,0,0,0,0,0,0,0,0,0,0,0,0,0,0,0
1000932,0,0,0,0,0,0,0,0,0,0,0,0,0,0,0,0,0,0,0,0
1000933,0,0,0,0,0,0,0,0,0,0,0,0,0,0,0,0,0,0,0,0
1000941,0,0,0,0,0,0,0,0,0,0,0,0,0,0,0,0,0,0,0,0
1000944,0,0,0,0,0,0,0,0,0,0,0,0,0,0,0,0,0,0,0,0
1000945,0,0,1,0,1,0,0,0,0,0,0,0,0,0,0,0,0,0,0,0
1000946,0,0,0,0,0,0,0,0,0,0,0,0,0,0,0,0,0,0,0,0
1000947,0,0,0,0,0,0,0,0,0,0,0,0,0,0,0,0,0,0,0,0
1000948,0,0,0,0,0,0,0,0,0,0,0,0,0,0,0,0,0,0,0,0
1000949,0,0,0,0,0,0,0,0,0,0,0,0,0,0,0,0,0,0,0,0
1000950,0,0,0,0,0,0,0,0,0,0,0,0,0,0,0,0,0,0,0,0
1000951,0,0,0,0,0,0,0,0,0,0,0,0,0,0,0,0,0,0,0,0
1000952,0,0,0,0,0,0,0,0,0,0,1,0,0,0,0,0,0,0,0,0
1000953,0,0,0,0,0,0,0,0,0,0,0,0,0,0,0,0,0,0,0,0
1000954,0,0,0,0,0,0,0,0,0,0,0,0,0,0,0,0,0,0,0,0
1000955,0,0,0,0,0,0,0,0,0,0,0,0,0,0,0,0,0,0,0,0
1000956,0,0,0,0,0,0,0,0,0,0,0,0,0,0,0,0,0,0,0,0
1000959,0,0,0,0,0,0,0,0,0,0,0,0,0,0,0,0,0,0,0,0
1000961,0,0,0,0,0,0,0,0,0,0,0,0,0,0,0,0,0,0,0,0
1000962,0,0,0,0,0,0,0,0,0,0,0,0,0,0,0,0,0,0,0,0
1000963,0,0,0,0,0,0,0,0,0,0,0,0,0,0,0,0,0,0,0,0
1000964,0,0,0,0,0,0,0,0,0,0,0,0,0,0,0,0,0,0,0,0
1000966,0,0,0,0,0,0,0,0,0,0,0,0,1,0,0,0,0,0,0,0
1000967,0,0,0,0,0,0,0,0,0,0,0,0,0,0,0,0,0,0,0,0
1000969,0,0,0,0,0,0,0,0,0,0,0,0,0,0,0,0,0,0,0,0
1000971,0,0,0,0,0,0,0,0,0,0,0,0,0,0,0,0,0,0,0,0
1000972,0,0,0,0,0,0,0,0,0,0,0,0,0,0,0,0,0,0,0,0
1000973,0,0,0,0,0,0,0,0,0,0,0,0,0,0,0,0,0,0,0,0
1000975,0,0,0,0,0,0,0,0,0,0,0,0,0,0,0,0,0,0,0,0
1000976,0,0,0,0,0,0,0,0,0,0,0,0,0,0,0,0,0,0,0,0
1000977,0,0,0,0,0,0,0,0,0,0,0,0,0,0,0,0,0,0,0,0
1000979,0,0,0,0,0,0,0,0,0,0,0,0,0,0,0,0,0,0,0,0
1000980,0,0,0,0,0,0,0,0,0,0,0,0,0,0,0,0,0,0,0,0
1000981,0,0,0,0,0,0,0,0,0,0,0,0,0,0,0,0,0,0,0,0
1000982,0,0,0,0,0,0,0,0,0,0,0,0,0,0,0,0,0,0,0,0
1000983,0,0,0,0,0,0,0,0,0,0,0,0,0,0,0,0,0,0,0,0
1000984,0,0,0,0,0,0,0,0,0,0,0,0,0,0,0,0,0,0,0,0
1000985,0,0,0,0,0,0,0,0,0,0,0,0,0,0,0,0,0,0,0,0
1000986,0,0,0,0,0,0,0,0,0,0,0,0,0,0,0,0,0,0,0,0
1000987,0,0,0,0,0,0,0,0,0,0,0,0,0,0,0,0,0,0,0,0
1000988,0,0,0,0,0,0,0,0,0,0,0,0,0,0,0,0,0,0,0,0
1000989,0,0,0,0,0,0,0,0,0,0,0,0,0,0,0,0,0,0,0,0
1000991,0,0,0,0,0,0,0,0,0,0,0,0,0,1,0,0,0,0,0,0
1000993,0,0,0,0,0,0,0,0,0,0,0,0,0,0,0,0,0,0,0,0
1000994,0,0,0,0,0,0,0,0,0,0,0,0,0,0,0,0,0,0,0,0
1000995,0,0,0,0,0,0,0,0,0,0,0,0,0,0,0,0,0,0,0,0
1000996,0,0,0,0,0,0,0,0,0,0,0,0,0,0,0,0,0,0,0,0
1000997,0,0,0,0,0,0,0,0,0,0,0,0,0,0,0,0,0,0,0,0
1000998,0,0,0,0,0,0,0,0,0,0,0,0,0,0,0,0,0,0,0,0
1000999,0,0,0,0,0,0,0,0,0,0,0,0,0,0,0,0,0,0,0,0
1001000,0,0,0,0,0,0,0,0,1,1,0,0,0,0,0,0,0,0,0,0
1001010,0,0,0,0,0,0,0,0,0,0,0,0,0,0,0,0,0,0,0,0
1001013,0,0,0,0,0,0,0,0,0,0,0,0,0,0,0,0,0,0,0,0
1001016,0,0,0,0,0,0,0,0,0,0,0,0,0,0,0,0,0,0,0,0
1001021,0,0,0,0,0,0,0,0,0,0,0,0,0,0,0,0,0,0,0,0
1001036,0,0,0,0,0,0,0,0,0,0,0,0,0,0,0,0,0,0,0,0
1001043,0,0,0,0,1,0,0,0,0,0,0,0,0,0,0,0,0,0,0,0
1001044,0,0,0,0,0,0,0,0,0,0,0,0,0,0,0,0,0,0,0,0
1001057,0,0,0,0,0,0,0,0,0,0,0,0,0,0,0,0,0,0,0,0
1001068,0,0,0,0,0,0,0,0,0,0,0,0,0,0,0,0,0,0,0,0
1001071,0,0,0,0,0,0,0,0,0,0,0,0,0,0,0,0,0,0,0,0
1001072,0,0,0,0,0,0,0,0,0,0,0,0,0,0,0,0,0,0,0,0
1001074,0,0,0,0,0,0,0,0,0,0,0,0,0,0,0,0,0,0,0,0
1001075,0,0,0,0,0,0,0,0,0,0,0,0,0,0,0,0,0,0,0,0
1001077,0,0,0,0,0,0,0,0,0,0,0,0,0,0,0,0,0,0,0,0
1001078,0,0,0,0,0,0,0,0,0,0,0,0,0,0,0,0,0,0,0,0
1001079,0,0,0,0,0,0,0,0,0,0,0,0,0,0,0,0,0,0,0,0
1001080,0,0,0,0,0,0,0,0,0,0,0,0,0,0,0,0,0,0,0,0
1001081,0,0,0,0,0,0,0,0,0,0,0,0,0,0,0,0,0,0,0,0
1001082,0,0,0,0,0,0,0,0,0,0,0,0,0,0,0,0,0,0,0,0
1001083,0,0,0,0,0,0,0,0,0,0,0,0,0,0,0,0,0,0,0,0
1001084,0,0,0,0,0,0,0,0,0,0,0,0,0,0,0,0,0,0,0,0
1001085,0,0,0,0,0,0,0,0,0,0,0,0,0,0,0,0,0,0,0,0
1001086,0,0,0,0,0,0,0,0,0,0,0,0,0,0,0,0,0,0,0,0
1001088,0,0,0,0,0,0,0,0,0,0,0,0,0,0,0,0,0,0,0,0
1001089,0,0,0,0,0,0,0,0,0,0,0,0,0,0,0,0,0,0,0,0
1001090,0,0,0,0,0,0,0,0,0,0,0,0,0,0,0,0,0,0,0,0
1001091,0,0,0,0,0,0,0,0,0,0,0,0,0,0,0,0,0,0,0,0
1001092,0,0,0,0,0,0,0,0,0,0,0,0,0,0,0,0,0,0,0,0
1001093,0,0,0,0,0,0,0,0,0,0,0,0,0,0,0,0,0,0,0,0
1001094,0,0,0,0,0,0,0,0,0,0,0,0,0,0,0,0,0,0,0,0
1001095,0,0,0,0,0,0,0,0,0,0,0,0,0,0,0,0,0,0,0,0
1001096,0,0,0,0,0,0,0,0,0,0,0,0,0,0,0,0,0,0,0,0
1001097,0,0,0,0,0,0,0,0,0,0,0,0,0,0,0,0,0,0,0,0
1001098,0,0,0,0,0,0,0,0,0,0,0,0,0,0,0,0,0,0,0,0
1001099,0,0,0,0,0,0,0,0,0,0,0,0,0,0,0,0,0,0,0,0
1001100,0,0,0,0,0,0,0,0,1,0,0,0,0,0,0,0,0,0,0,0
1001101,0,0,0,0,0,0,0,0,0,0,0,0,0,0,0,0,0,0,0,0
1001102,0,0,0,0,0,0,0,0,0,0,0,0,0,0,0,0,0,0,0,0
1001104,0,0,0,0,0,0,0,0,0,0,0,0,0,0,0,0,0,0,0,0
1001105,0,0,0,0,0,0,0,0,0,0,0,0,0,0,0,0,0,0,0,0
1001106,0,0,0,0,0,0,0,0,0,0,0,0,0,0,0,0,0,0,0,0
1001107,0,0,0,0,0,0,0,0,0,0,0,0,0,0,0,0,0,0,0,0
1001110,0,0,1,1,0,0,0,0,0,0,0,0,0,0,0,0,0,0,0,0
1001111,0,0,0,0,0,0,0,0,0,0,0,0,0,0,0,0,0,0,0,0
1001112,0,0,0,0,0,0,0,0,0,0,0,0,0,0,0,0,0,0,0,0
1001113,0,0,0,0,0,0,0,0,0,0,0,0,0,0,0,0,0,0,0,0
1001114,0,0,0,0,0,0,0,0,0,0,0,0,0,0,0,0,0,0,0,0
1001115,0,0,0,0,0,0,0,0,0,0,0,0,0,0,0,0,0,0,0,0
1001116,0,0,0,0,0,0,0,0,0,0,0,0,0,0,0,0,0,0,0,0
1001117,0,0,0,0,0,0,0,0,0,0,0,0,0,0,0,0,0,0,0,0
1001118,0,0,0,0,0,0,0,0,0,0,0,0,0,0,0,0,0,0,0,0
1001119,0,0,0,0,0,0,0,0,0,0,0,0,0,0,0,0,0,0,0,0
1001120,0,0,0,0,0,0,0,0,0,0,0,0,0,0,0,0,0,0,0,0
1001121,0,0,0,0,0,0,0,0,0,0,0,0,0,0,0,0,0,0,0,0
1001122,0,0,0,0,0,0,0,0,0,0,0,0,0,0,0,0,0,0,0,0
1001123,0,0,0,0,0,0,0,0,0,0,0,0,0,0,0,0,0,0,0,0
1001124,0,0,0,0,0,0,0,0,0,0,0,0,0,0,0,0,0,0,0,0
1001125,0,0,0,0,0,0,0,0,0,0,0,0,0,0,0,0,0,0,0,0
1001126,0,0,0,0,0,0,0,0,0,0,0,0,0,0,0,0,0,0,0,0
1001127,0,0,0,0,0,0,0,0,0,0,0,0,0,0,0,0,0,0,0,0
1001128,0,0,0,0,0,0,0,0,0,0,0,0,0,0,0,0,0,0,0,0
1001129,0,0,0,0,0,0,0,0,0,0,0,0,0,0,0,0,0,0,0,0
1001130,0,0,0,0,0,0,0,0,0,0,0,0,0,0,0,0,0,0,0,0
1001132,0,0,0,0,0,0,0,0,0,0,0,0,0,0,0,0,0,0,0,0
1001134,0,0,0,0,0,0,0,0,0,0,0,0,0,0,0,0,0,0,0,0
1001136,0,0,0,0,0,0,0,0,0,0,0,0,0,0,0,0,0,0,0,0
1001137,0,0,0,0,0,0,0,0,0,0,0,0,0,0,0,0,0,0,0,0
1001138,0,0,0,0,0,0,0,0,0,0,0,0,0,0,0,0,0,0,0,0
1001139,0,0,0,0,0,0,0,0,0,0,0,0,0,0,0,0,0,0,0,0
1001140,0,0,0,0,0,0,0,0,0,0,0,0,0,0,0,0,0,0,0,0
1001141,0,0,0,0,0,0,0,0,0,0,0,0,0,0,0,0,0,0,0,0
1001142,0,0,0,0,0,0,0,0,0,0,0,0,0,0,0,0,0,0,0,0
1001143,0,0,0,0,0,0,0,0,0,0,0,0,0,0,0,0,0,0,0,0
1001145,0,0,0,0,0,0,0,0,0,0,0,0,0,0,0,0,0,0,0,0
1001146,0,0,0,0,0,0,0,0,0,0,0,0,0,0,0,0,0,0,0,0
1001147,0,0,0,0,0,0,0,0,0,0,0,0,0,0,0,0,0,0,0,0
1001148,0,0,0,0,0,0,0,0,0,0,0,0,0,0,0,0,0,0,0,0
1001149,0,0,0,0,0,0,0,0,0,0,0,0,0,0,0,0,0,0,0,0
1001150,0,0,0,0,0,0,0,0,0,0,0,0,0,0,0,0,0,0,0,0
1001151,0,0,0,0,0,0,0,0,0,0,0,0,0,0,0,0,0,0,0,0
1001152,0,0,0,0,0,0,0,0,0,0,0,0,0,0,0,0,0,0,0,0
1001154,0,0,0,0,0,0,0,0,0,0,0,0,0,0,0,0,0,0,0,0
1001158,0,0,0,0,0,0,0,0,0,0,0,0,0,0,0,0,0,0,0,0
1001159,0,0,0,0,0,0,0,0,0,0,0,0,0,0,0,0,0,0,0,0
1001160,0,0,0,0,0,0,0,0,0,0,0,0,0,0,0,0,0,0,0,0
1001161,0,0,0,0,0,0,0,0,0,0,0,0,0,0,0,0,0,0,0,0
1001162,0,0,0,0,0,0,0,0,0,0,0,0,0,0,0,0,0,0,0,0
1001164,0,0,0,0,0,0,0,0,0,0,0,0,0,0,0,0,0,0,0,0
1001165,0,0,0,0,0,0,0,0,0,0,0,0,0,0,0,0,0,0,0,0
1001166,0,0,0,0,0,0,0,0,0,0,0,0,0,0,0,0,0,0,0,0
1001167,0,0,0,0,0,0,0,0,0,0,0,0,0,0,0,0,0,0,0,0
1001168,0,0,0,0,0,0,0,0,0,0,0,0,0,0,0,0,0,0,0,0
1001169,0,0,0,0,0,0,0,0,0,0,0,0,0,0,0,0,0,0,0,0
1001170,0,0,0,0,0,0,0,0,0,0,0,0,0,0,0,0,0,0,0,0
1001171,0,0,0,0,0,0,0,0,0,0,0,0,0,0,0,0,0,0,0,0
1001172,0,0,0,0,0,0,0,0,0,0,0,0,0,0,0,0,0,0,0,0
1001174,0,0,0,0,0,0,0,0,0,0,0,0,0,0,0,0,0,0,0,0
1001175,0,0,0,0,0,0,0,0,0,0,0,0,0,0,0,0,0,0,0,0
1001176,0,0,0,0,0,0,0,0,0,0,0,0,0,0,0,0,0,0,0,0
1001177,0,0,0,0,0,0,0,0,0,0,0,0,0,0,0,0,0,0,0,0
1001178,0,0,0,0,0,0,0,0,0,0,0,0,0,0,0,0,0,0,0,0
1001179,0,0,0,0,0,0,0,0,0,0,0,0,0,0,0,0,0,0,0,0
1001180,0,0,0,0,0,0,0,0,0,0,0,0,0,0,0,0,0,0,0,0
1001181,0,0,0,0,0,0,0,0,0,0,0,0,0,0,0,0,0,0,0,0
1001182,0,0,0,0,0,0,0,0,0,0,0,0,0,0,0,0,0,0,0,0
1001183,0,0,0,0,0,0,0,0,0,0,0,0,0,0,0,0,0,0,0,0
1001184,0,0,0,0,0,0,0,0,0,0,0,0,0,0,0,0,0,0,0,0
1001185,0,0,0,0,0,0,0,0,0,0,0,0,0,0,0,0,0,0,0,0
1001186,0,0,0,0,0,0,0,0,0,0,0,0,0,0,0,0,0,0,0,0
1001187,0,0,0,0,0,0,0,0,0,0,0,0,0,0,0,0,0,0,0,0
1001188,0,0,0,0,0,0,0,0,0,0,0,0,0,0,0,0,0,0,0,0
1001189,0,0,0,0,0,0,0,0,0,0,0,0,0,0,0,0,0,0,0,0
1001191,0,0,0,0,0,0,0,0,0,0,0,0,0,0,0,0,0,0,0,0
1001193,0,0,0,0,0,0,0,0,0,0,0,0,0,0,0,0,0,0,0,0
1001194,0,0,0,0,0,0,0,0,0,0,0,0,0,0,0,0,0,0,0,0
1001195,0,0,0,0,0,0,0,0,0,0,0,0,0,0,0,0,0,0,0,0
1001196,0,0,0,0,0,0,0,0,0,0,0,0,0,0,0,0,0,0,0,0
1001197,0,0,0,0,0,0,0,0,0,0,0,0,0,0,0,0,0,0,0,0
1001198,0,0,0,0,0,0,0,0,0,0,0,0,0,0,0,0,0,0,0,0
1001199,0,0,0,0,0,0,0,0,0,0,0,0,0,0,0,0,0,0,0,0
1001200,0,0,0,0,0,0,0,0,0,0,0,0,0,0,0,0,0,0,0,0
1001202,0,0,0,0,0,0,0,0,0,0,0,0,0,0,0,0,0,0,0,0
1001203,0,0,0,0,0,0,0,0,0,0,0,0,0,0,0,0,0,0,0,0
1001204,0,0,0,0,0,0,0,0,0,0,0,0,0,0,0,0,0,0,0,0
1001205,0,0,0,0,0,0,0,0,0,0,0,0,0,0,0,0,0,0,0,0
1001206,0,0,0,0,0,0,0,0,0,0,0,0,0,0,0,0,0,0,0,0
1001207,0,0,0,0,0,0,0,0,0,0,0,0,0,0,0,0,0,0,0,0
1001208,0,0,0,0,0,0,0,0,0,0,0,0,0,0,0,0,0,0,0,0
1001209,0,0,0,0,0,0,0,0,0,0,0,0,0,0,0,0,0,0,0,0
1001210,0,0,0,0,0,0,0,0,0,0,0,0,0,0,0,0,0,0,0,0
1001211,0,0,0,0,0,0,0,0,0,0,0,0,0,0,0,0,0,0,0,0
1001213,0,0,0,0,0,0,0,0,0,0,0,0,0,0,0,0,0,0,0,0
1001215,0,0,0,0,0,0,0,0,0,0,0,0,0,0,0,0,0,0,0,0
1001217,0,0,0,0,0,0,0,0,0,0,0,0,0,0,0,0,0,0,0,0
1001218,0,0,0,0,0,0,0,0,0,0,0,0,0,0,0,0,0,0,0,0
1001219,0,0,0,0,0,0,0,0,0,0,0,0,0,0,0,0,0,0,0,0
1001220,0,0,0,0,0,0,0,0,0,0,0,0,0,0,0,0,0,0,0,0
1001221,0,0,0,0,0,0,0,0,0,0,0,0,0,0,0,0,0,0,0,0
1001224,0,0,0,0,0,0,0,0,0,0,0,0,0,0,0,0,0,0,0,0
1001225,0,0,0,0,0,0,0,0,0,0,0,0,0,0,0,0,0,0,0,0
1001226,0,0,0,0,0,0,0,0,0,0,0,0,0,0,0,0,0,0,0,0
1001227,0,0,0,0,0,0,0,0,0,0,0,0,0,0,0,0,0,0,0,0
1001228,0,0,0,0,0,0,0,0,0,0,0,0,0,0,0,0,0,0,0,0
1001229,0,0,0,0,0,0,0,0,0,0,0,0,0,0,0,0,0,0,0,0
1001230,0,0,0,0,0,0,0,0,0,0,0,0,0,0,0,0,0,0,0,0
1001231,0,0,0,0,0,0,0,0,0,0,0,0,0,0,0,0,0,0,0,0
1001232,0,0,0,0,0,0,0,0,0,0,0,0,0,0,0,0,0,0,0,0
1001233,0,0,0,0,0,0,0,0,0,0,0,0,0,0,0,0,0,0,0,0
1001234,0,0,0,0,0,0,0,0,0,0,0,0,0,0,0,0,0,0,0,0
1001236,0,0,0,0,0,0,0,0,0,0,0,0,0,0,0,0,0,0,0,0
1001237,0,0,0,0,0,0,0,0,0,0,0,0,0,0,0,0,0,0,0,0
1001240,0,0,0,0,0,0,0,0,0,0,0,0,0,0,0,0,0,0,0,0
1001244,0,0,0,0,0,0,0,0,0,0,0,0,0,0,0,0,0,0,0,0
1001246,0,0,0,0,0,0,0,0,0,0,0,0,0,0,0,0,0,0,0,0
1001247,0,0,0,0,0,0,0,0,0,0,0,0,0,0,0,0,0,0,0,0
1001248,0,0,0,0,0,0,0,0,0,0,0,0,0,0,0,0,0,0,0,0
1001250,0,0,0,0,0,0,0,0,0,0,0,0,0,0,0,0,0,0,0,0
1001253,0,0,0,0,0,0,0,0,0,0,0,0,0,0,0,0,0,0,0,0
1001255,0,0,0,0,0,0,0,0,0,0,0,0,0,0,0,0,0,0,0,0
1001256,0,0,0,0,0,0,0,0,0,0,0,0,0,0,0,0,0,0,0,0
1001259,0,0,0,0,0,0,0,0,0,0,0,0,0,0,0,0,0,0,0,0
1001260,0,0,0,0,0,0,0,0,0,0,0,0,0,0,0,0,0,0,0,0
1001261,0,0,0,0,0,0,0,0,0,0,0,0,0,0,0,0,0,0,0,0
1001262,0,0,0,0,0,0,0,0,0,0,0,0,0,0,0,0,0,0,0,0
1001263,0,0,0,0,0,0,0,0,0,0,0,0,0,0,0,0,0,0,0,0
1001264,0,0,0,0,0,0,0,0,0,0,0,0,0,0,0,0,0,0,0,0
1001266,0,0,0,0,0,0,0,0,0,0,0,0,0,0,0,0,0,0,0,0
1001267,0,0,0,0,0,0,0,0,0,0,0,0,0,0,0,0,0,0,0,0
1001269,0,0,0,0,0,0,0,0,0,0,0,0,0,0,0,0,0,0,0,0
1001270,0,0,0,0,0,0,0,0,0,0,0,0,0,0,0,0,0,0,0,0
1001271,0,0,0,0,0,0,0,0,0,0,0,0,0,0,0,0,0,0,0,0
1001272,0,0,0,0,0,0,0,0,0,0,0,0,0,0,0,0,0,0,0,0
1001273,0,0,0,0,0,0,0,0,0,0,0,0,0,0,0,0,0,0,0,0
1001274,0,0,0,0,0,0,0,0,0,0,0,0,0,0,0,0,0,0,0,0
1001275,0,0,0,0,0,0,0,0,0,0,0,0,0,0,0,0,0,0,0,0
1001277,0,0,0,0,0,0,0,0,0,0,0,0,0,0,0,0,0,0,0,0
1001279,0,0,0,0,0,0,0,0,0,0,0,0,0,0,0,0,0,0,0,0
1001280,0,0,0,0,0,0,0,0,0,0,0,0,0,0,0,0,0,0,0,0
1001282,0,0,0,0,0,0,0,0,0,0,0,0,0,0,0,0,0,0,0,0
1001283,0,0,0,0,0,0,0,0,0,0,0,0,0,0,0,0,0,0,0,0
1001286,0,0,0,0,0,0,0,0,0,0,0,0,0,0,0,0,0,0,0,0
1001288,0,0,0,0,1,0,0,0,0,0,0,0,0,0,0,0,0,0,0,0
1001290,0,0,0,0,0,0,0,0,0,0,0,0,0,0,0,0,0,0,0,0
1001291,0,0,0,0,0,0,0,0,0,0,0,0,0,0,0,0,0,0,0,0
1001292,0,0,0,0,0,0,0,0,0,0,0,0,0,0,0,0,0,0,0,0
1001293,0,0,0,0,0,0,0,0,0,0,0,0,0,0,0,0,0,0,0,0
1001294,0,0,0,0,0,0,0,0,0,0,0,0,0,0,0,0,0,0,0,0
1001295,0,0,0,0,0,0,0,0,0,0,0,0,0,0,0,0,0,0,0,0
1001296,0,0,0,0,0,0,0,0,0,0,0,0,0,0,0,0,0,0,0,0
1001297,0,0,0,0,0,0,0,0,0,0,0,0,0,0,0,0,0,0,0,0
1001299,0,0,0,0,0,0,0,0,0,0,0,0,0,0,0,0,0,0,0,0
1001300,0,0,0,0,0,0,0,0,0,0,0,0,0,0,0,0,0,0,0,0
1001302,0,0,0,0,0,0,0,0,0,0,0,0,0,0,0,0,0,0,0,0
1001303,0,0,0,0,0,0,0,0,0,0,0,0,0,0,0,0,0,0,0,0
1001304,0,0,0,0,0,0,0,0,0,0,0,0,0,0,0,0,0,0,0,0
1001305,0,0,0,0,0,0,0,0,0,0,0,0,0,0,0,0,0,0,0,0
1001306,0,0,0,0,0,0,0,0,0,0,0,0,0,0,0,0,0,0,0,0
1001307,0,0,0,0,0,0,0,0,0,0,0,0,0,0,0,0,0,0,0,0
1001308,0,0,0,0,0,0,0,0,0,0,0,0,0,0,0,0,0,0,0,0
1001309,0,0,0,0,0,0,0,0,0,0,0,0,0,0,0,0,0,0,0,0
1001311,0,0,0,0,0,0,0,0,0,0,0,0,0,0,0,0,0,0,0,0
1001312,0,0,0,0,0,0,0,0,0,0,0,0,0,0,0,0,0,0,0,0
1001313,0,0,0,0,0,0,0,0,0,0,0,0,0,0,0,0,0,0,0,0
1001315,0,0,0,0,0,0,0,0,0,0,0,0,0,0,0,0,0,0,0,0
1001317,0,0,0,0,0,0,0,0,0,0,0,0,0,0,0,0,0,0,0,0
1001318,0,0,0,0,0,0,0,0,0,0,0,0,0,0,0,0,0,0,0,0
1001319,0,0,0,0,0,0,0,0,0,0,0,0,0,0,0,0,0,0,0,0
1001320,0,0,0,0,0,0,0,0,0,0,0,0,0,0,0,0,0,0,0,0
1001321,0,0,0,0,0,0,0,0,0,0,0,0,0,0,0,0,0,0,0,0
1001322,0,0,0,0,0,0,0,0,0,0,0,0,0,0,0,0,0,0,0,0
1001323,0,0,0,0,0,0,0,0,0,0,0,0,0,0,0,0,0,0,0,0
1001325,0,0,0,0,0,0,0,0,0,0,0,0,0,0,0,0,0,0,0,0
1001326,0,0,0,0,0,0,0,0,0,0,0,0,0,0,0,0,0,0,0,0
1001327,0,0,0,0,0,0,0,0,0,0,0,0,0,0,0,0,0,0,0,0
1001329,0,0,0,0,0,0,0,0,0,0,0,0,0,0,0,0,0,0,0,0
1001330,0,0,0,0,0,0,0,0,0,0,0,0,0,0,0,0,0,0,0,0
1001331,0,0,0,0,0,0,0,0,0,0,0,0,0,0,0,0,0,0,0,0
1001332,0,0,0,0,0,0,0,0,0,0,0,0,0,0,0,0,0,0,0,0
1001333,0,0,0,0,0,0,0,0,0,0,0,0,0,0,0,0,0,0,0,0
1001334,0,0,0,0,0,0,0,0,0,0,0,0,0,0,0,0,0,0,0,0
1001335,0,0,0,0,0,0,0,0,0,0,0,0,0,0,0,0,0,0,0,0
1001336,0,0,0,0,0,0,0,0,0,0,0,0,0,0,0,0,0,0,0,0
1001338,0,0,0,0,0,0,0,0,0,0,0,0,0,0,0,0,0,0,0,0
1001339,0,0,0,0,0,0,0,0,0,0,0,0,0,0,0,0,0,0,0,0
1001342,0,0,0,0,0,0,0,0,0,0,0,0,0,0,0,0,0,0,0,0
1001343,0,0,0,0,0,0,0,0,0,0,0,0,0,0,0,0,0,0,0,0
1001344,0,0,0,0,0,0,0,0,0,0,0,0,0,0,0,0,0,0,0,0
1001345,0,0,1,1,0,0,0,0,0,0,0,0,0,0,0,0,0,0,0,0
1001350,0,0,0,0,0,0,0,0,0,0,0,0,0,0,0,0,0,0,0,0
1001351,0,0,0,0,0,0,0,0,0,0,0,0,0,0,0,0,0,0,0,0
1001355,0,0,0,0,0,0,0,0,0,0,0,0,0,0,0,0,0,0,0,0
1001356,0,0,0,0,0,0,0,0,0,0,0,0,0,0,0,0,0,0,0,0
1001357,0,0,0,0,0,0,0,0,0,0,0,0,0,0,0,0,0,0,0,0
1001359,0,0,0,0,0,0,0,0,0,0,0,0,0,0,0,0,0,0,0,0
1001360,0,0,0,0,0,0,0,0,0,0,0,0,0,0,0,0,0,0,0,0
1001362,0,0,0,0,0,0,0,0,0,0,0,0,0,0,0,0,0,0,0,0
1001363,0,0,0,0,0,0,0,0,0,0,0,0,0,0,0,0,0,0,0,0
1001364,0,0,0,0,0,0,0,0,0,0,0,0,0,0,0,0,0,0,0,0
1001365,0,0,0,0,0,0,0,0,0,0,0,0,0,0,0,0,0,0,0,0
1001366,0,0,0,0,0,0,0,0,0,0,0,0,0,0,0,0,0,0,0,0
1001367,0,0,0,0,0,0,0,0,0,0,0,0,0,0,0,0,0,0,0,0
1001368,0,0,0,0,0,0,0,0,0,0,0,0,0,0,0,0,0,0,0,0
1001370,0,0,0,0,0,0,0,0,0,0,0,0,0,0,0,0,0,0,0,0
1001371,0,0,0,0,0,0,0,0,0,0,0,0,0,0,0,0,0,0,0,0
1001372,0,0,0,0,0,0,0,0,0,0,0,0,0,0,0,0,0,0,0,0
1001373,0,0,0,0,0,0,0,0,0,0,0,0,0,0,0,0,0,0,0,0
1001374,0,0,0,0,0,0,0,0,0,0,0,0,0,0,0,0,0,0,0,0
1001375,0,0,0,0,0,0,0,0,0,0,0,0,0,0,0,0,0,0,0,0
1001376,0,0,0,0,0,0,0,0,0,0,0,0,0,0,0,0,0,0,0,0
1001377,0,0,0,0,0,0,0,0,0,0,0,0,0,0,0,0,0,0,0,0
1001378,0,0,0,0,0,0,0,0,0,0,0,0,0,0,0,0,0,0,0,0
1001379,0,0,0,0,0,0,0,0,0,0,0,0,0,0,0,0,0,0,0,0
1001380,0,0,0,0,0,0,0,0,0,0,0,0,0,0,0,0,0,0,0,0
1001381,0,0,0,0,0,0,0,0,0,0,0,0,0,0,0,0,0,0,0,0
1001382,0,0,0,0,0,0,0,0,0,0,0,0,0,0,0,0,0,0,0,0
1001383,0,0,0,0,0,0,0,0,0,0,0,0,0,0,0,0,0,0,0,0
1001385,0,0,0,0,0,0,0,0,0,0,0,0,0,0,0,0,0,0,0,0
1001386,0,0,0,0,0,0,0,0,0,0,0,0,0,0,0,0,0,0,0,0
1001388,0,0,0,0,0,0,0,0,0,0,0,0,0,0,0,0,0,0,0,0
1001389,0,0,0,0,0,0,0,0,0,0,0,0,0,0,0,0,0,0,0,0
1001390,0,0,0,0,0,0,0,0,0,0,0,0,0,0,0,0,0,0,0,0
1001391,0,0,0,0,0,0,0,0,0,0,0,0,0,0,0,0,0,0,0,0
1001392,0,0,0,0,0,0,0,0,0,0,0,0,0,0,0,0,0,0,0,0
1001393,0,0,0,0,0,0,0,0,0,0,0,0,0,0,0,0,0,0,0,0
1001395,0,0,0,0,0,0,0,0,0,0,0,0,0,0,0,0,0,0,0,0
1001396,0,0,0,0,0,0,0,0,0,0,0,0,0,0,0,0,0,0,0,0
1001397,0,0,0,0,0,0,0,0,0,0,0,0,0,0,0,0,0,0,0,0
1001398,0,0,0,0,0,0,0,0,0,0,0,0,0,0,0,0,0,0,0,0
1001399,0,0,0,0,0,0,0,0,0,0,0,0,0,0,0,0,0,0,0,0
1001402,0,0,0,0,0,0,0,0,0,0,0,0,0,0,0,0,0,0,0,0
1001403,0,0,0,0,0,0,0,0,0,0,0,0,0,0,0,0,0,0,0,0
1001404,0,0,0,0,0,0,0,0,0,0,0,0,0,0,0,0,0,0,0,0
1001405,0,0,0,0,0,0,0,0,0,0,0,0,0,0,0,0,0,0,0,0
1001407,0,0,0,0,0,0,0,0,0,0,0,0,0,0,0,0,0,0,0,0
1001408,0,0,0,0,0,0,0,0,0,0,0,0,0,0,0,0,0,0,0,0
1001409,0,0,0,0,0,0,0,0,0,0,0,0,0,0,0,0,0,0,0,0
1001410,0,0,0,0,0,0,0,0,0,0,0,0,0,0,0,0,0,0,0,0
1001412,0,0,0,0,0,0,0,0,0,0,0,0,0,0,0,0,0,0,0,0
1001413,0,0,0,0,0,0,0,0,0,0,0,0,0,0,0,0,0,0,0,0
1001414,0,0,0,0,0,0,0,0,0,0,0,0,0,0,0,0,0,0,0,0
1001415,0,0,0,0,0,0,0,0,0,0,0,0,0,0,0,0,0,0,0,0
1001416,0,0,0,0,0,0,0,0,0,0,0,0,0,0,0,0,0,0,0,0
1001417,0,0,0,0,0,0,0,0,0,0,0,0,0,0,0,0,0,0,0,0
1001418,0,0,0,0,0,0,0,0,0,0,0,0,0,0,0,0,0,0,0,0
1001419,0,0,0,0,0,0,0,0,0,0,0,0,0,0,0,0,0,0,0,0
1001420,0,0,0,0,0,0,0,0,0,0,0,0,0,0,0,0,0,0,0,0
1001421,0,0,0,0,0,0,0,0,0,0,0,0,0,0,0,0,0,0,0,0
1001422,0,0,0,0,0,0,0,0,0,0,0,0,0,0,0,0,0,0,0,0
1001423,0,0,0,0,0,0,0,0,0,0,0,0,0,0,0,0,0,0,0,0
1001424,0,0,0,0,0,0,0,0,0,0,0,0,0,0,0,0,0,0,0,0
1001425,0,0,0,0,0,0,0,0,0,0,0,0,0,0,0,0,0,0,0,0
1001427,0,0,0,0,0,0,0,0,0,0,0,0,0,0,0,0,0,0,0,0
1001428,0,0,0,0,0,0,0,0,0,0,0,0,0,0,0,0,0,0,0,0
1001429,0,0,0,0,0,0,0,0,0,0,0,0,0,0,0,0,0,0,0,0
1001430,0,0,0,0,0,0,0,0,0,0,0,0,0,0,0,0,0,0,0,0
1001432,0,0,0,0,0,0,0,0,0,0,0,0,0,0,0,0,0,0,0,0
1001433,0,0,0,0,0,0,0,0,0,0,0,0,0,0,0,0,0,0,0,0
1001435,0,0,0,0,0,0,0,0,0,0,0,0,0,0,0,0,0,0,0,0
1001439,0,0,0,0,0,0,0,0,0,0,0,0,0,0,0,0,0,0,0,0
1001440,0,0,0,0,0,0,0,0,0,0,0,0,0,0,0,0,0,0,0,0
1001441,0,0,0,0,0,0,0,0,0,0,0,0,0,0,0,0,0,0,0,0
1001442,0,0,0,0,0,0,0,0,0,0,0,0,0,0,0,0,0,0,0,0
1001443,0,0,0,0,0,0,0,0,0,0,0,0,0,0,0,0,0,0,0,0
1001444,0,0,0,0,0,0,0,0,0,0,0,0,0,0,0,0,0,0,0,0
1001445,0,0,0,0,0,0,0,0,0,0,0,0,0,0,0,0,0,0,0,0
1001447,0,0,0,0,0,0,0,0,0,0,0,0,0,0,0,0,0,0,0,0
1001448,0,0,0,0,0,0,0,0,0,0,0,0,0,0,0,0,0,0,0,0
1001449,0,0,0,0,0,0,0,0,0,0,0,0,0,0,0,0,0,0,0,0
1001450,0,0,0,0,0,0,0,0,0,0,0,0,0,0,0,0,0,0,0,0
1001452,0,0,0,0,0,0,0,0,0,0,0,0,0,0,0,0,0,0,0,0
1001454,0,0,0,0,0,0,0,0,0,0,0,0,0,0,0,0,0,0,0,0
1001456,0,0,0,0,0,0,0,0,0,0,0,0,0,0,0,0,0,0,0,0
1001458,0,0,0,0,0,0,0,0,0,0,0,0,0,0,0,0,0,0,0,0
1001459,0,0,0,0,0,0,0,0,0,0,0,0,0,0,0,0,0,0,0,0
1001460,0,0,0,0,0,0,0,0,0,0,0,0,0,0,0,0,0,0,0,0
1001463,0,0,0,0,0,0,0,0,0,0,0,0,0,0,0,0,0,0,0,0
1001464,0,0,0,0,0,0,0,0,0,0,0,0,0,0,0,0,0,0,0,0
1001465,0,0,0,0,0,0,0,0,0,0,0,0,0,0,0,0,0,0,0,0
1001466,0,0,0,0,0,0,0,0,0,0,0,0,0,0,0,0,0,0,0,0
1001467,0,0,0,0,0,0,0,0,0,0,0,0,0,0,0,0,0,0,0,0
1001469,0,0,0,0,0,0,0,0,0,0,0,0,0,0,0,0,0,0,0,0
1001470,0,0,0,0,0,0,0,0,0,0,0,0,0,0,0,0,0,0,0,0
1001471,0,0,0,0,0,0,0,0,0,0,0,0,0,0,0,0,0,0,0,0
1001473,0,0,0,0,0,0,0,0,0,0,0,0,0,0,0,0,0,0,0,0
1001474,0,0,0,0,0,0,0,0,0,0,0,0,0,0,0,0,0,0,0,0
1001476,0,0,0,0,0,0,0,0,0,0,0,0,0,0,0,0,0,0,0,0
1001477,0,0,0,0,0,0,0,0,0,0,0,0,0,0,0,0,0,0,0,0
1001478,0,0,0,0,0,0,0,0,0,0,0,0,0,0,0,0,0,0,0,0
1001479,0,0,0,0,0,0,0,0,0,0,0,0,0,0,0,0,0,0,0,0
1001480,0,0,0,0,0,0,0,0,0,0,0,0,0,0,0,0,0,0,0,0
1001481,0,0,0,0,0,0,0,0,0,0,0,0,0,0,0,0,0,0,0,0
1001482,0,0,0,0,0,0,0,0,0,0,0,0,0,0,0,0,0,0,0,0
1001484,0,0,0,0,0,0,0,0,0,0,0,0,0,0,0,0,0,0,0,0
1001486,0,0,0,0,0,0,0,0,0,0,0,0,0,0,0,0,0,0,0,0
1001487,0,0,0,0,0,0,0,0,0,0,0,0,0,0,0,0,0,0,0,0
1001491,0,0,0,0,0,0,0,0,0,0,0,0,0,0,0,0,0,0,0,0
1001492,0,0,0,0,0,0,0,0,0,0,0,0,0,0,0,0,0,0,0,0
1001495,0,0,0,0,0,0,0,0,0,0,0,0,0,0,0,0,0,0,0,0
1001497,0,0,0,0,0,0,0,0,0,0,0,0,0,0,0,0,0,0,0,0
1001498,0,0,0,0,0,0,0,0,0,0,0,0,0,0,0,0,0,0,0,0
1001499,0,0,0,0,0,0,0,0,0,0,0,0,0,0,0,0,0,0,0,0
1001501,0,0,0,0,0,0,0,0,0,0,0,0,0,0,0,0,0,0,0,0
1001502,0,0,0,0,0,0,0,0,0,0,0,0,0,0,0,0,0,0,0,0
1001503,0,0,0,0,0,0,0,0,0,0,0,0,0,0,0,0,0,0,0,0
1001509,0,0,0,0,0,0,0,0,0,0,0,0,0,0,0,0,0,0,0,0
1001575,0,0,0,0,0,0,0,0,0,0,0,0,0,0,0,0,0,0,0,0
1001576,0,0,0,0,0,0,0,0,0,0,0,0,0,0,0,0,0,0,0,0
1001578,0,0,0,0,0,0,0,0,0,0,0,0,0,0,0,0,0,0,0,0
1001579,0,0,0,0,0,0,0,0,0,0,0,0,0,0,0,0,0,0,0,0
1001580,0,0,0,0,0,0,0,0,0,0,0,0,0,0,0,0,0,0,0,0
1001581,0,0,0,0,0,0,0,0,0,0,0,0,0,0,0,0,0,0,0,0
1001582,0,0,0,0,0,0,0,0,0,0,0,0,0,0,0,0,0,0,0,0
1001583,0,0,0,0,0,0,0,0,0,0,0,0,0,0,0,0,0,0,0,0
1001584,0,0,0,0,0,0,0,0,0,0,0,0,0,0,0,0,0,0,0,0
1001586,0,0,0,0,0,0,0,0,0,0,0,0,0,0,0,0,0,0,0,0
1001587,0,0,0,0,0,0,0,0,0,0,0,0,0,0,0,0,0,0,0,0
1001590,0,0,0,0,0,0,0,0,0,0,0,0,0,0,0,0,0,0,0,0
1001591,0,0,0,0,0,0,0,0,0,0,0,0,0,0,0,0,0,0,0,0
1001593,0,0,0,0,0,0,0,0,0,0,0,0,0,0,0,0,0,0,0,0
1001595,0,0,0,0,0,0,0,0,0,0,0,0,0,0,0,0,0,0,0,0
1001596,0,0,0,0,0,0,0,0,0,0,0,0,0,0,0,0,0,0,0,0
1001597,0,0,0,0,0,0,0,0,0,0,0,0,0,0,0,0,0,0,0,0
1001598,0,0,0,0,0,0,0,0,0,0,0,0,0,0,0,0,0,0,0,0
1001599,0,0,0,0,0,0,0,0,0,0,0,0,0,0,0,0,0,0,0,0
1001600,0,0,0,0,0,0,0,0,0,0,0,0,0,0,0,0,0,0,0,0
1001601,0,0,0,0,0,0,0,0,0,0,0,0,0,0,0,0,0,0,0,0
1001602,0,0,0,0,0,0,0,0,0,0,0,0,0,0,0,0,0,0,0,0
1001604,0,0,0,0,0,0,0,0,0,0,0,0,0,0,0,0,0,0,0,0
1001605,0,0,0,0,0,0,0,0,0,0,0,0,0,0,0,0,0,0,0,0
1001606,0,0,0,0,0,0,0,0,0,0,0,0,0,0,0,0,0,0,0,0
1001607,0,0,0,0,0,0,0,0,0,0,0,0,0,0,0,0,0,0,0,0
1001608,0,0,0,0,0,0,0,0,0,0,0,0,0,0,0,0,0,0,0,0
1001609,0,0,0,0,0,0,0,0,0,0,0,0,0,0,0,0,0,0,0,0
1001610,0,0,0,0,0,0,0,0,0,0,0,0,0,0,0,0,0,0,0,0
1001611,0,0,0,0,0,0,0,0,0,0,0,0,0,0,0,0,0,0,0,0
1001613,0,0,0,0,0,0,0,0,0,0,0,0,0,0,0,0,0,0,0,0
1001614,0,0,0,0,0,0,0,0,0,0,0,0,0,0,0,0,0,0,0,0
1001615,0,0,0,0,0,0,0,0,0,0,0,0,0,0,0,0,0,0,0,0
1001616,0,0,0,0,0,0,0,0,0,0,0,0,0,0,0,0,0,0,0,0
1001617,0,0,0,0,0,0,0,0,0,0,0,0,0,0,0,0,0,0,0,0
1001618,0,0,0,0,0,0,0,0,0,0,0,0,0,0,0,0,0,0,0,0
1001619,0,0,0,0,0,0,0,0,0,0,0,0,0,0,0,0,0,0,0,0
1001620,0,0,0,0,0,0,0,0,0,0,0,0,0,0,0,0,0,0,0,0
1001624,0,0,0,0,0,0,0,0,0,0,0,0,0,0,0,0,0,0,0,0
1001631,0,0,0,0,0,0,0,0,0,0,0,0,0,0,0,0,0,0,0,0
1001632,0,0,0,0,0,0,0,0,0,0,0,0,0,0,0,0,0,0,0,0
1001634,0,0,0,0,0,0,0,0,0,0,0,0,0,0,0,0,0,0,0,0
1001635,0,0,0,0,0,0,0,0,0,0,0,0,0,0,0,0,0,0,0,0
1001638,0,0,0,0,0,0,0,0,0,0,0,0,0,0,0,0,0,0,0,0
1001640,0,0,0,0,1,0,0,0,0,0,0,0,0,0,0,0,0,0,0,0
1001641,0,0,0,0,0,0,0,0,0,0,0,0,0,0,0,0,0,0,0,0
1001642,0,0,0,0,0,0,0,0,0,0,0,0,0,0,0,0,0,0,0,0
1001643,0,0,0,0,0,0,0,0,0,0,0,0,0,0,0,0,0,0,0,0
1001644,0,0,1,1,0,0,0,0,0,0,0,0,0,0,0,0,0,0,0,0
1001646,0,0,0,0,0,0,0,0,0,0,0,0,0,0,0,0,0,0,0,0
1001647,0,0,0,0,0,0,0,0,0,0,0,0,0,0,0,0,0,0,0,0
1001648,0,0,0,0,0,0,0,0,0,0,0,0,0,0,0,0,0,0,0,0
1001649,0,0,0,0,0,0,0,0,0,0,0,0,0,0,0,0,0,0,0,0
1001650,0,0,0,0,0,0,0,0,0,0,0,0,0,0,0,0,0,0,0,0
1001651,0,0,0,0,0,0,0,0,0,0,0,0,0,0,0,0,0,0,0,0
1001652,0,0,0,0,0,0,0,0,0,0,0,0,0,0,0,0,0,0,0,0
1001654,0,0,0,0,0,0,0,0,0,0,0,0,0,0,0,0,0,0,0,0
1001655,0,0,0,0,0,0,0,0,0,0,0,0,0,0,0,0,0,0,0,0
1001656,0,0,0,0,0,0,0,0,0,0,0,0,0,0,0,0,0,0,0,0
1001657,0,0,0,0,0,0,0,0,0,0,0,0,0,0,0,0,0,0,0,0
1001658,0,0,0,0,0,0,0,0,0,0,0,0,0,0,0,0,0,0,0,0
1001659,0,0,0,0,0,0,0,0,0,0,0,0,0,0,0,0,0,0,0,0
1001660,0,0,0,0,0,0,0,0,0,0,0,0,0,0,0,0,0,0,0,0
1001661,0,0,0,0,0,0,0,0,0,0,0,0,0,0,0,0,0,0,0,0
1001662,0,0,0,0,0,0,0,0,0,0,0,0,0,0,0,0,0,0,0,0
1001663,0,0,0,0,0,0,0,0,0,0,0,0,0,0,0,0,0,0,0,0
1001664,0,0,0,0,0,0,0,0,0,0,0,0,0,0,0,0,0,0,0,0
1001666,0,0,0,0,0,0,0,0,0,0,0,0,0,0,0,0,0,0,0,0
1001668,0,0,0,0,0,0,0,0,0,0,0,0,0,0,0,0,0,0,0,0
1001669,0,0,0,0,0,0,0,0,0,0,0,0,0,0,0,0,0,0,0,0
1001672,0,0,0,0,0,0,0,0,0,0,0,0,0,0,0,0,0,0,0,0
1001673,0,0,0,0,0,0,0,0,0,0,0,0,0,0,0,0,0,0,0,0
1001674,0,0,0,0,0,0,0,0,0,0,0,0,0,0,0,0,0,0,0,0
1001676,0,0,0,0,0,0,0,0,0,0,0,0,0,0,0,0,0,0,0,0
1001677,0,0,0,0,0,0,0,0,0,0,0,0,0,0,0,0,0,0,0,0
1001678,0,0,0,0,0,0,0,0,0,0,0,0,0,0,0,0,0,0,0,0
1001680,0,0,0,0,0,0,0,0,0,0,0,0,0,0,0,0,0,0,0,0
1001681,0,0,0,0,0,0,0,0,0,0,0,0,0,0,0,0,0,0,0,0
1001682,0,0,0,0,0,0,0,0,0,0,0,0,0,0,0,0,0,0,0,0
1001685,0,0,0,0,0,0,0,0,0,0,0,0,0,0,0,0,0,0,0,0
1001686,0,0,0,0,0,0,0,0,0,0,0,0,0,0,0,0,0,0,0,0
1001687,0,0,0,0,0,0,0,0,0,0,0,0,0,0,0,0,0,0,0,0
1001688,0,0,0,0,0,0,0,0,0,0,0,0,0,0,0,0,0,0,0,0
1001689,0,0,0,0,0,0,0,0,0,0,0,0,0,0,0,0,0,0,0,0
1001690,0,0,0,0,0,0,0,0,0,0,0,0,0,0,0,0,0,0,0,0
1001691,0,0,0,0,0,0,0,0,0,0,0,0,0,0,0,0,0,0,0,0
1001693,0,0,0,0,0,0,0,0,0,0,0,0,0,0,0,0,0,0,0,0
1001695,0,0,0,0,0,0,0,0,0,0,0,0,0,0,0,0,0,0,0,0
1001696,0,0,0,0,0,0,0,0,0,0,0,0,0,0,0,0,0,0,0,0
1001698,0,0,0,0,0,0,0,0,0,0,0,0,0,0,0,0,0,0,0,0
1001699,0,0,0,0,0,0,0,0,0,0,0,0,0,0,0,0,0,0,0,0
1001700,0,0,0,0,0,0,0,0,0,0,0,0,0,0,0,0,0,0,0,0
1001701,0,0,0,0,0,0,0,0,0,0,0,0,0,0,0,0,0,0,0,0
1001702,0,0,0,0,0,0,0,0,0,0,0,0,0,0,0,0,0,0,0,0
1001703,0,0,0,0,0,0,0,0,0,0,0,0,0,0,0,0,0,0,0,0
1001704,0,0,0,0,0,0,0,0,0,0,0,0,0,0,0,0,0,0,0,0
1001705,0,0,0,0,0,0,0,0,0,0,0,0,0,0,0,0,0,0,0,0
1001706,0,0,0,0,0,0,0,0,0,0,0,0,0,0,0,0,0,0,0,0
1001707,0,0,0,0,0,0,0,0,0,0,0,0,0,0,0,0,0,0,0,0
1001708,0,0,0,0,0,0,0,0,0,0,0,0,0,0,0,0,0,0,0,0
1001709,0,0,0,0,0,0,0,0,0,0,0,0,0,0,0,0,0,0,0,0
1001711,0,0,0,0,0,0,0,0,0,0,0,0,0,0,0,0,0,0,0,0
1001712,0,0,0,0,0,0,0,0,0,0,0,0,0,0,0,0,0,0,0,0
1001713,0,0,0,0,0,0,0,0,0,0,0,0,0,0,0,0,0,0,0,0
1001714,0,0,0,0,0,0,0,0,0,0,0,0,0,0,0,0,0,0,0,0
1001715,0,0,0,0,0,0,0,0,0,0,0,0,0,0,0,0,0,0,0,0
1001716,0,0,0,0,0,0,0,0,0,0,0,0,0,0,0,0,0,0,0,0
1001717,0,0,0,0,0,0,0,0,0,0,0,0,0,0,0,0,0,0,0,0
1001718,0,0,0,0,0,0,0,0,0,0,0,0,0,0,0,0,0,0,0,0
1001719,0,0,0,0,0,0,0,0,0,0,0,0,0,0,0,0,0,0,0,0
1001720,0,0,0,0,0,0,0,0,0,0,0,0,0,0,0,0,0,0,0,0
1001721,0,0,0,0,0,0,0,0,0,0,0,0,0,0,0,0,0,0,0,0
1001722,0,0,0,0,0,0,0,0,0,0,0,0,0,0,0,0,0,0,0,0
1001724,0,0,0,0,0,0,0,0,0,0,0,0,0,0,0,0,0,0,0,0
1001725,0,0,0,0,0,0,0,0,0,0,0,0,0,0,0,0,0,0,0,0
1001726,0,0,0,0,0,0,0,0,0,0,0,0,0,0,0,0,0,0,0,0
1001727,0,0,0,0,0,0,0,0,0,0,0,0,0,0,0,0,0,0,0,0
1001728,0,0,0,0,0,0,0,0,0,0,0,0,0,0,0,0,0,0,0,0
1001731,0,1,0,0,0,0,1,1,0,0,0,0,0,0,0,0,0,0,0,0
1001732,0,0,0,0,0,0,0,0,0,0,0,0,0,0,0,0,0,0,0,0
1001733,0,0,0,0,0,0,0,0,0,0,0,0,0,0,0,0,0,0,0,0
1001738,0,0,0,0,0,0,0,0,0,0,0,0,0,0,0,0,0,0,0,0
1001739,0,0,0,0,0,0,0,0,0,0,0,0,0,0,0,0,0,0,0,0
1001741,0,0,0,0,0,0,0,0,0,0,0,0,0,0,0,0,0,0,0,0
1001743,0,0,0,0,0,0,0,0,0,0,0,0,0,0,0,0,0,0,0,0
1001745,0,0,0,0,0,0,0,0,0,0,0,0,0,0,0,0,0,0,0,0
1001746,0,0,0,0,0,0,0,0,0,0,0,0,0,0,0,0,0,0,0,0
1001747,0,0,0,0,0,0,0,0,0,0,0,0,0,0,0,0,0,0,0,0
1001748,0,0,0,0,0,0,0,0,0,0,0,0,0,0,0,0,0,0,0,0
1001750,0,0,0,0,0,0,0,0,0,0,0,0,0,0,0,0,0,0,0,0
1001751,0,0,0,0,0,0,0,0,0,0,0,0,0,0,0,0,0,0,0,0
1001752,0,0,0,0,0,0,0,0,0,0,0,0,0,0,0,0,0,0,0,0
1001753,0,0,0,0,0,0,0,0,0,0,0,0,0,0,0,0,0,0,0,0
1001755,0,0,0,0,0,0,0,0,0,0,0,0,0,0,0,0,0,0,0,0
1001756,0,0,0,0,0,0,0,0,0,0,0,0,0,0,0,0,0,0,0,0
1001757,0,0,0,0,0,0,0,0,0,0,0,0,0,0,0,0,0,0,0,0
1001758,0,0,0,0,0,0,0,0,0,0,0,0,0,0,0,0,0,0,0,0
1001759,0,0,0,0,0,0,0,0,0,0,0,0,0,0,0,0,0,0,0,0
1001760,0,0,0,0,0,0,0,0,0,0,0,0,0,0,0,0,0,0,0,0
1001761,0,0,0,0,0,0,0,0,0,0,0,0,0,0,0,0,0,0,0,0
1001764,0,0,0,0,0,0,0,0,0,0,0,0,0,0,0,0,0,0,0,0
1001766,0,0,0,0,0,0,0,0,0,0,0,0,0,0,0,0,0,0,0,0
1001767,0,0,0,0,0,0,0,0,0,0,0,0,0,0,0,0,0,0,0,0
1001768,0,0,0,0,0,0,0,0,0,0,0,0,0,0,0,0,0,0,0,0
1001769,0,0,0,0,0,0,0,0,0,0,0,0,0,0,0,0,0,0,0,0
1001770,0,0,0,0,0,0,0,0,0,0,0,0,0,0,0,0,0,0,0,0
1001771,0,0,0,0,0,0,0,0,0,0,0,0,0,0,0,0,0,0,0,0
1001772,0,0,0,0,0,0,0,0,0,0,0,0,0,0,0,0,0,0,0,0
1001773,0,0,0,0,0,0,0,0,0,0,0,0,0,0,0,0,0,0,0,0
1001774,0,0,0,0,0,0,0,0,0,0,0,0,0,0,0,0,0,0,0,0
1001775,0,0,0,0,0,0,0,0,0,0,0,0,0,0,0,0,0,0,0,0
1001776,0,0,0,0,0,0,0,0,0,0,0,0,0,0,0,0,0,0,0,0
1001777,0,0,0,0,0,0,0,0,0,0,0,0,0,0,0,0,0,0,0,0
1001778,0,0,0,0,0,0,0,0,0,0,0,0,0,0,0,0,0,0,0,0
1001780,0,0,0,0,0,0,0,0,0,0,0,0,0,0,0,0,0,0,0,0
1001781,0,0,0,0,0,0,0,0,0,0,0,0,0,0,0,0,0,0,0,0
1001782,0,0,0,0,0,0,0,0,0,0,0,0,0,0,0,0,0,0,0,0
1001783,0,0,0,0,0,0,0,0,0,0,0,0,0,0,0,0,0,0,0,0
1001786,0,0,0,0,0,0,0,0,0,0,0,0,0,0,0,0,0,0,0,0
1001787,0,0,0,0,0,0,0,0,0,0,0,0,0,0,0,0,0,0,0,0
1001788,0,0,0,0,0,0,0,0,0,0,0,0,0,0,0,0,0,0,0,0
1001789,0,0,0,0,0,0,0,0,0,0,0,0,0,0,0,0,0,0,0,0
1001792,0,0,0,0,0,0,0,0,0,0,0,0,0,0,0,0,0,0,0,0
1001793,0,0,0,0,0,0,0,0,0,0,0,0,0,0,0,0,0,0,0,0
1001794,0,0,0,0,0,0,0,0,0,0,0,0,0,0,0,0,0,0,0,0
1001798,0,0,0,0,0,0,0,0,0,0,0,0,0,0,0,0,0,0,0,0
1001800,0,0,0,0,0,0,0,0,0,0,0,0,0,0,0,0,0,0,0,0
1001801,0,0,0,0,0,0,0,0,0,0,0,0,0,0,0,0,0,0,0,0
1001802,0,0,0,0,0,0,0,0,0,0,0,0,0,0,0,0,0,0,0,0
1001805,0,0,0,0,0,0,0,0,0,0,0,0,0,0,0,0,0,0,0,0
1001807,0,0,0,0,0,0,0,0,0,0,0,0,0,0,0,0,0,0,0,0
1001808,0,0,0,0,0,0,0,0,0,0,0,0,0,0,0,0,0,0,0,0
1001809,0,0,0,0,0,0,0,0,0,0,0,0,0,0,0,0,0,0,0,0
1001811,0,1,1,1,1,0,1,0,0,0,0,0,0,0,0,0,0,0,0,0
1001812,0,0,0,0,0,0,0,0,0,0,0,0,0,0,0,0,0,0,0,0
1001813,0,0,0,0,0,0,0,0,0,0,0,0,0,0,0,0,0,0,0,0
1001815,0,0,0,0,0,0,0,0,0,0,0,0,0,0,0,0,0,0,0,0
1001816,0,0,0,0,0,0,0,0,0,0,0,0,0,0,0,0,0,0,0,0
1001817,0,0,0,0,0,0,0,0,0,0,0,0,0,0,0,0,0,0,0,0
1001819,0,0,0,0,0,0,0,0,0,0,0,0,0,0,0,0,0,0,0,0
1001820,0,0,0,0,0,0,0,0,0,0,0,0,0,0,0,0,0,0,0,0
1001822,0,0,0,0,0,0,0,0,0,0,0,0,0,0,0,0,0,0,0,0
1001823,0,0,0,0,0,0,0,0,0,0,0,0,0,0,0,0,0,0,0,0
1001824,0,0,0,0,0,0,0,0,0,0,0,0,0,0,0,0,0,0,0,0
1001826,0,0,0,0,0,0,0,0,0,0,0,0,0,0,0,0,0,0,0,0
1001827,0,0,0,0,0,0,0,0,0,0,0,0,0,0,0,0,0,0,0,0
1001828,0,0,0,0,0,0,0,0,0,0,0,0,0,0,0,0,0,0,0,0
1001830,0,0,0,0,0,0,0,0,0,0,0,0,0,0,0,0,0,0,0,0
1001832,0,0,0,0,0,0,0,0,0,0,0,0,0,0,0,0,0,0,0,0
1001833,0,0,0,0,0,0,0,0,0,0,0,0,0,0,0,0,0,0,0,0
1001834,0,0,0,0,0,0,0,0,0,0,0,0,0,0,0,0,0,0,0,0
1001838,0,0,0,0,0,0,0,0,0,0,0,0,0,0,0,0,0,0,0,0
2000020,0,0,0,0,0,0,0,0,0,0,0,0,0,0,0,0,0,0,0,0
2000027,0,0,0,0,0,0,0,0,0,0,0,0,0,0,0,0,0,0,0,0
2000031,0,0,0,0,0,0,0,0,0,0,0,0,0,0,0,0,0,0,0,0
2000032,0,0,0,0,0,0,0,0,0,0,0,0,0,0,0,0,0,0,0,0
2000037,0,0,0,0,0,0,0,0,0,0,0,0,0,0,0,0,0,0,0,0
2000041,0,0,0,0,0,0,0,0,0,0,0,0,0,0,0,0,0,0,0,0
2000043,0,0,0,0,0,0,0,0,0,0,0,0,0,0,0,0,0,0,0,0
2000045,0,0,0,0,0,0,0,0,0,0,0,0,0,0,0,0,0,0,0,0
2000049,0,1,0,1,0,0,1,0,0,0,0,0,0,0,0,0,0,0,0,0
2000054,0,0,0,0,0,0,0,0,0,0,0,0,0,0,0,0,0,0,0,0
2000057,0,0,0,0,0,0,0,0,0,0,0,0,0,0,0,0,0,0,0,0
2000058,0,0,0,0,0,0,0,0,0,0,0,0,0,0,0,0,0,0,0,0
2000059,0,0,0,0,0,0,0,0,0,0,0,0,0,0,0,0,0,0,0,0
2000068,0,0,0,0,0,0,0,0,0,0,0,0,0,0,0,0,0,0,0,0
2000069,0,0,0,0,0,0,0,0,0,0,0,0,0,0,0,0,0,0,0,0
2000070,0,0,0,0,0,0,0,0,0,0,0,0,0,0,0,0,0,0,0,0
2000084,0,0,0,0,0,0,0,0,0,0,0,0,0,0,0,0,0,0,0,0
2000085,0,0,0,0,0,0,0,0,0,0,0,0,0,0,0,0,0,0,0,0
2000088,0,0,0,0,0,0,0,0,0,0,0,0,0,0,0,0,0,0,0,0
2000095,0,0,0,0,0,0,0,0,0,0,0,0,0,0,0,0,0,0,0,0
2000097,0,0,0,0,0,0,0,0,0,0,0,0,0,0,0,0,0,0,0,0
2000100,0,0,0,0,0,0,0,0,0,0,0,0,0,0,0,0,0,0,0,0
2000104,0,0,0,0,0,0,0,0,0,0,0,0,0,0,0,0,0,0,0,0
2000109,0,0,0,0,0,0,0,0,0,0,0,0,0,0,0,0,0,0,0,0
2000113,0,0,0,0,0,0,0,0,0,0,0,0,0,0,0,0,0,0,0,0
2000116,0,0,0,0,0,0,0,0,0,0,0,0,0,0,0,0,0,0,0,0
2000118,0,0,0,0,0,0,0,0,0,0,0,0,0,0,0,0,0,0,0,0
2000120,0,0,0,0,0,0,0,0,0,0,0,0,0,0,0,0,0,0,0,0
2000121,0,0,0,0,0,0,0,0,0,0,0,0,0,0,0,0,0,0,0,0
2000122,0,0,0,0,0,0,0,0,0,0,0,0,0,0,0,0,0,0,0,0
2000124,0,0,0,0,0,0,0,0,0,0,0,0,0,0,0,0,0,0,0,0
2000125,0,0,0,0,0,0,0,0,0,0,0,0,0,0,0,0,0,0,0,0
2000136,0,0,0,0,0,0,0,0,0,0,0,0,0,0,0,0,0,0,0,0
2000146,0,0,0,0,0,0,0,0,0,0,0,0,0,0,0,0,0,0,0,0
2000157,0,0,0,0,0,0,0,0,0,0,0,0,0,0,0,0,0,0,0,0
2000163,0,0,0,0,0,0,0,0,0,0,0,0,0,0,0,0,0,0,0,0
2000165,0,0,0,0,0,0,0,0,0,0,0,0,0,0,0,0,0,0,0,0
2000166,0,0,0,0,0,0,0,0,0,0,0,0,0,0,0,0,0,0,0,0
2000171,0,0,0,0,0,0,0,0,0,0,0,0,0,0,0,0,0,0,0,0
2000173,0,0,0,0,0,0,0,0,0,0,0,0,0,0,0,0,0,0,0,0
2000175,0,0,0,0,0,0,0,0,0,0,0,0,0,0,0,0,0,0,0,0
2000179,0,0,0,0,0,0,0,0,0,0,0,0,0,0,0,0,0,0,0,0
2000180,0,0,0,0,0,0,0,0,0,0,0,0,0,0,0,0,0,0,0,0
2000182,0,0,0,0,0,0,0,0,0,0,0,0,0,0,0,0,0,0,0,0
2000188,0,0,0,0,0,0,0,0,0,0,0,0,0,0,0,0,0,0,0,0
2000190,0,0,0,0,0,0,0,0,0,0,0,0,0,0,0,0,0,0,0,0
2000197,0,0,0,0,0,0,0,0,0,0,0,0,0,0,0,0,0,0,0,0
2000199,0,0,0,0,0,0,0,0,0,0,0,0,0,0,0,0,0,0,0,0
2000203,0,0,0,0,0,0,0,0,0,0,0,0,0,0,0,0,0,0,0,0
2000207,0,0,0,0,0,0,0,0,0,0,0,0,0,0,0,0,0,0,0,0
2000209,0,0,0,0,0,0,0,0,0,0,0,0,0,0,0,0,0,0,0,0
2000210,0,0,0,0,0,0,0,0,0,0,0,0,0,0,0,0,0,0,0,0
2000213,0,0,0,0,0,0,0,0,0,0,0,0,0,0,0,0,0,0,0,0
2000221,0,0,0,0,0,0,0,0,0,0,0,0,0,0,0,0,0,0,0,0
2000227,0,0,0,0,0,0,0,0,0,0,0,0,0,0,0,0,0,0,0,0
2000238,0,0,0,0,0,0,0,0,0,0,0,0,0,0,0,0,0,0,0,0
2000245,0,0,0,0,0,0,0,0,0,0,0,0,0,0,0,0,0,0,0,0
2000247,0,0,0,0,0,0,0,0,0,0,0,0,0,0,0,0,0,0,0,0
2000251,0,0,0,0,0,0,0,0,0,0,0,0,0,0,0,0,0,0,0,0
2000252,0,0,0,0,0,0,0,0,0,0,0,0,0,0,0,0,0,0,0,0
2000255,0,0,0,0,0,0,0,0,0,0,0,0,0,0,0,0,0,0,0,0
2000260,0,0,0,0,0,0,0,0,0,0,0,0,0,0,0,0,0,0,0,0
2000263,0,0,0,0,0,0,0,0,0,0,0,0,0,0,0,0,0,0,0,0
2000267,0,0,0,0,0,0,0,0,0,0,0,0,0,0,0,0,0,0,0,0
2000270,0,0,0,0,0,0,0,0,0,0,0,0,0,0,0,0,0,0,0,0
2000281,0,0,0,0,0,0,0,0,0,0,0,0,0,0,0,0,0,0,0,0
2000290,0,0,0,0,0,0,0,0,0,0,0,0,0,0,0,0,0,0,0,0
2000305,0,0,0,0,0,0,0,0,0,0,0,0,0,0,0,0,0,0,0,0
2000307,0,0,0,0,0,0,0,0,0,0,0,0,0,0,0,0,0,0,0,0
2000310,0,0,0,0,0,0,0,0,0,0,0,0,0,0,0,0,0,0,0,0
2000311,0,0,0,0,0,0,0,0,0,0,0,0,0,0,0,0,0,0,0,0
2000313,0,0,0,0,0,0,0,0,0,0,0,0,0,0,0,0,0,0,0,0
2000315,0,0,0,0,0,0,0,0,0,0,0,0,0,0,0,0,0,0,0,0
2000325,0,0,0,0,0,0,0,0,0,0,0,0,0,0,0,0,0,0,0,0
2000327,0,0,0,0,0,0,0,0,0,0,0,0,0,0,0,0,0,0,0,0
2000337,0,0,0,0,0,0,0,0,0,0,0,0,0,0,0,0,0,0,0,0
2000343,0,0,0,0,0,0,0,0,0,0,0,0,0,0,0,0,0,0,0,0
2000344,0,0,0,0,0,0,0,0,0,0,0,0,0,0,0,0,0,0,0,0
2000350,0,0,0,0,0,0,0,0,0,0,0,0,0,0,0,0,0,0,0,0
2000353,0,0,0,0,0,0,0,0,0,0,0,0,0,0,0,0,0,0,0,0
2000362,0,0,0,0,0,0,0,0,0,0,0,0,0,0,0,0,0,0,0,0
2000363,0,0,0,0,0,0,0,0,0,0,0,0,0,0,0,0,0,0,0,0
2000366,0,0,0,0,0,0,0,0,0,0,0,0,0,0,0,0,0,0,0,0
2000367,0,0,0,0,0,0,0,0,0,0,0,0,0,0,0,0,0,0,0,0
2000370,0,0,0,0,0,0,0,0,0,0,0,0,0,0,0,0,0,0,0,0
2000374,0,0,0,0,0,0,0,0,0,0,0,0,0,0,0,0,0,0,0,0
2000381,0,0,0,0,0,0,0,0,0,0,0,0,0,0,0,0,0,0,0,0
2000385,0,0,0,0,0,0,0,0,0,0,0,0,0,0,0,0,0,0,0,0
2000386,0,0,0,0,0,0,0,0,0,0,0,0,0,0,0,0,0,0,0,0
2000387,0,0,0,0,0,0,0,0,0,0,0,0,0,0,0,0,0,0,0,0
2000389,0,0,0,0,0,0,0,0,0,0,0,0,0,0,0,0,0,0,0,0
2000390,0,0,0,0,0,0,0,0,0,0,0,0,0,0,0,0,0,0,0,0
2000391,0,0,0,0,0,0,0,0,0,0,0,0,0,0,0,0,0,0,0,0
2000396,0,0,0,0,0,0,0,0,0,0,0,0,0,0,0,0,0,0,0,0
2000402,0,0,0,0,0,0,0,0,0,0,0,0,0,0,0,0,0,0,0,0
2000409,0,0,0,0,0,0,0,0,0,0,0,0,0,0,0,0,0,0,0,0
2000424,0,0,0,0,0,0,0,0,0,0,0,0,0,0,0,0,0,0,0,0
2000427,0,0,0,0,0,0,0,0,0,0,0,0,0,0,0,0,0,0,0,0
2000428,0,0,0,0,0,0,0,0,0,0,0,0,0,0,0,0,0,0,0,0
2000431,0,0,0,0,0,0,0,0,0,0,0,0,0,0,0,0,0,0,0,0
2000432,0,0,0,0,0,0,0,0,0,0,0,0,0,0,0,0,0,0,0,0
2000433,0,0,0,0,0,0,0,0,0,0,0,0,0,0,0,0,0,0,0,0
2000439,0,0,0,0,0,0,0,0,0,0,0,0,0,0,0,0,0,0,0,0
2000442,0,0,0,0,0,0,0,0,0,0,0,0,0,0,0,0,0,0,0,0
2000444,0,0,0,0,0,0,0,0,0,0,0,0,0,0,0,0,0,0,0,0
2000446,0,0,0,0,0,0,0,0,0,0,0,0,0,0,0,0,0,0,0,0
2000449,0,0,0,0,0,0,0,0,0,0,0,0,0,0,0,0,0,0,0,0
2000455,0,0,0,0,0,0,0,0,0,0,0,0,0,0,0,0,0,0,0,0
2000457,0,0,0,0,0,0,0,0,0,0,0,0,0,0,0,0,0,0,0,0
2000460,0,0,0,0,0,0,0,0,0,0,0,0,0,0,0,0,0,0,0,0
2000461,0,0,0,0,0,0,0,0,0,0,0,0,0,0,0,0,0,0,0,0
2000464,0,0,0,0,0,0,0,0,0,0,0,0,0,0,0,0,0,0,0,0
2000474,0,0,0,0,0,0,0,0,0,0,0,0,0,0,0,0,0,0,0,0
2000480,0,0,0,0,0,0,0,0,0,0,0,0,0,0,0,0,0,0,0,0
2000489,0,0,0,0,0,0,0,0,0,0,0,0,0,0,0,0,0,0,0,0
2000491,0,0,0,0,0,0,0,0,0,0,0,0,0,0,0,0,0,0,0,0
2000494,0,0,0,0,0,0,0,0,0,0,0,0,0,0,0,0,0,0,0,0
2000506,0,0,0,0,0,0,0,0,0,0,0,0,0,0,0,0,0,0,0,0
2000508,0,0,0,0,0,0,0,0,0,0,0,0,0,0,0,0,0,0,0,0
2000510,0,0,0,0,0,0,0,0,0,0,0,0,0,0,0,0,0,0,0,0
2000516,0,0,0,0,0,0,0,0,0,0,0,0,0,0,0,0,0,0,0,0
2000524,0,0,0,0,0,0,0,0,0,0,0,0,0,0,0,0,0,0,0,0
2000530,0,0,0,0,0,0,0,0,0,0,0,0,0,0,0,0,0,0,0,0
2000531,0,0,0,0,0,0,0,0,0,0,0,0,0,0,0,0,0,0,0,0
2000542,0,0,0,0,0,0,0,0,0,0,0,0,0,0,0,0,0,0,0,0
2000553,0,0,0,0,0,0,0,0,0,0,0,0,0,0,0,0,0,0,0,0
2000558,0,0,0,0,0,0,0,0,0,0,0,0,0,0,0,0,0,0,0,0
2000559,0,0,0,0,0,0,0,0,0,0,0,0,0,0,0,0,0,0,0,0
2000564,0,0,0,0,0,0,0,0,0,0,0,0,0,0,0,0,0,0,0,0
2000565,0,0,0,0,0,0,0,0,0,0,0,0,0,0,0,0,0,0,0,0
2000570,0,0,0,0,0,0,0,0,0,0,0,0,0,0,0,0,0,0,0,0
2000576,0,0,0,0,0,0,0,0,0,0,0,0,0,0,0,0,0,0,0,0
2000579,0,0,0,0,0,0,0,0,0,0,0,0,0,0,0,0,0,0,0,0
2000591,0,0,0,0,0,0,0,0,0,0,0,0,0,0,0,0,0,0,0,0
2000594,0,0,0,0,0,0,0,0,0,0,0,0,0,0,0,0,0,0,0,0
2000595,0,0,0,0,0,0,0,0,0,0,0,0,0,0,0,0,0,0,0,0
2000602,0,0,0,0,0,0,0,0,0,0,0,0,0,0,0,0,0,0,0,0
2000603,0,0,0,0,0,0,0,0,0,0,0,0,0,0,0,0,0,0,0,0
2000612,0,0,0,0,0,0,0,0,0,0,0,0,0,0,0,0,0,0,0,0
2000615,0,0,0,0,0,0,0,0,0,0,0,0,0,0,0,0,0,0,0,0
2000620,0,0,0,0,0,0,0,0,0,0,0,0,0,0,0,0,0,0,0,0
2000622,0,0,0,0,0,0,0,0,0,0,0,0,0,0,0,0,0,0,0,0
2000623,0,0,0,0,0,0,0,0,0,0,0,0,0,0,0,0,0,0,0,0
2000626,0,0,0,0,0,0,0,0,0,0,0,0,0,0,0,0,0,0,0,0
2000631,0,0,0,0,0,0,0,0,0,0,0,0,0,0,0,0,0,0,0,0
2000632,0,0,0,0,0,0,0,0,0,0,0,0,0,0,0,0,0,0,0,0
2000635,0,0,0,0,0,0,0,0,0,0,0,0,0,0,0,0,0,0,0,0
2000637,0,0,0,0,0,0,0,0,0,0,0,0,0,0,0,0,0,0,0,0
2000638,0,0,0,0,0,0,0,0,0,0,0,0,0,0,0,0,0,0,0,0
2000645,0,0,0,0,0,0,0,0,0,0,0,0,0,0,0,0,0,0,0,0
2000647,0,0,0,0,0,0,0,0,0,0,0,0,0,0,0,0,0,0,0,0
2000651,0,0,0,0,0,0,0,0,0,0,0,0,0,0,0,0,0,0,0,0
2000653,0,0,0,0,0,0,0,0,0,0,0,0,0,0,0,0,0,0,0,0
2000659,0,0,0,0,0,0,0,0,0,0,0,0,0,0,0,0,0,0,0,0
2000660,0,0,0,0,0,0,0,0,0,0,0,0,0,0,0,0,0,0,0,0
2000668,0,0,0,0,0,0,0,0,0,0,0,0,0,0,0,0,0,0,0,0
2000669,0,0,0,0,0,0,0,0,0,0,0,0,0,0,0,0,0,0,0,0
2000670,0,0,0,0,0,0,0,0,0,0,0,0,0,0,0,0,0,0,0,0
2000672,0,0,0,0,0,0,0,0,0,0,0,0,0,0,0,0,0,0,0,0
2000678,0,0,0,0,0,0,0,0,0,0,0,0,0,0,0,0,0,0,0,0
2000680,0,0,0,0,0,0,0,0,0,0,0,0,0,0,0,0,0,0,0,0
2000683,0,0,0,0,0,0,0,0,0,0,0,0,0,0,0,0,0,0,0,0
2000688,0,0,0,0,0,0,0,0,0,0,0,0,0,0,0,0,0,0,0,0
2000689,0,0,0,0,0,0,0,0,0,0,0,0,0,0,0,0,0,0,0,0
2000692,0,0,0,0,0,0,0,0,0,0,0,0,0,0,0,0,0,0,0,0
2000696,0,0,0,0,0,0,0,0,0,0,0,0,0,0,0,0,0,0,0,0
2000718,0,0,0,0,0,0,0,0,0,0,0,0,0,0,0,0,0,0,0,0
2000727,0,0,0,0,0,0,0,0,0,0,0,0,0,0,0,0,0,0,0,0
2000738,0,0,0,0,0,0,0,0,0,0,0,0,0,0,0,0,0,0,0,0
2000742,0,0,0,0,0,0,0,0,0,0,0,0,0,0,0,0,0,0,0,0
2000743,0,0,0,0,0,0,0,0,0,0,0,0,0,0,0,0,0,0,0,0
2000745,0,0,0,0,0,0,0,0,0,0,0,0,0,0,0,0,0,0,0,0
2000758,0,0,0,0,0,0,0,0,0,0,0,0,0,0,0,0,0,0,0,0
2000760,0,0,0,0,0,0,0,0,0,0,0,0,0,0,0,0,0,0,0,0
2000766,0,0,0,0,0,0,0,0,0,0,0,0,0,0,0,0,0,0,0,0
2000786,0,0,0,0,0,0,0,0,0,0,0,0,0,0,0,0,0,0,0,0
2000788,0,0,0,0,0,0,0,0,0,0,0,0,0,0,0,0,0,0,0,0
2000792,0,0,0,0,0,0,0,0,0,0,0,0,0,0,0,0,0,0,0,0
2000794,0,0,0,0,0,0,0,0,0,0,0,0,0,0,0,0,0,0,0,0
2000800,0,0,0,0,0,0,0,0,0,0,0,0,0,0,0,0,0,0,0,0
2000808,0,0,0,0,0,0,0,0,0,0,0,0,0,0,0,0,0,0,0,0
2000813,0,0,0,0,0,0,0,0,0,0,0,0,0,0,0,0,0,0,0,0
2000814,0,0,0,0,0,0,0,0,0,0,0,0,0,0,0,0,0,0,0,0
2000820,0,0,0,0,0,0,0,0,0,0,0,0,0,0,0,0,0,0,0,0
2000822,0,0,0,0,0,0,0,0,0,0,0,0,0,0,0,0,0,0,0,0
2000828,0,0,0,0,0,0,0,0,0,0,0,0,0,0,0,0,0,0,0,0
2000832,0,0,0,0,0,0,0,0,0,0,0,0,0,0,0,0,0,0,0,0
2000837,0,0,0,0,0,0,0,0,0,0,0,0,0,0,0,0,0,0,0,0
2000840,0,0,0,0,0,0,0,0,0,0,0,0,0,0,0,0,0,0,0,0
2000841,0,0,0,0,0,0,0,0,0,0,0,0,0,0,0,0,0,0,0,0
2000842,0,0,0,0,0,0,0,0,0,0,0,0,0,0,0,0,0,0,0,0
2000844,0,0,0,0,0,0,0,0,0,0,0,0,0,0,0,0,0,0,0,0
2000845,0,0,0,0,0,0,0,0,0,0,0,0,0,0,0,0,0,0,0,0
2000848,0,0,0,0,0,0,0,0,0,0,0,0,0,0,0,0,0,0,0,0
2000849,0,0,0,0,0,0,0,0,0,0,0,0,0,0,0,0,0,0,0,0
2000853,0,0,0,0,0,0,0,0,0,0,0,0,0,0,0,0,0,0,0,0
2000861,0,0,0,0,0,0,0,0,0,0,0,0,0,0,0,0,0,0,0,0
2000862,0,0,0,0,0,0,0,0,0,0,0,0,0,0,0,0,0,0,0,0
2000864,0,0,0,0,0,0,0,0,0,0,0,0,0,0,0,0,0,0,0,0
2000868,0,0,0,0,0,0,0,0,0,0,0,0,0,0,0,0,0,0,0,0
2000871,0,0,0,0,0,0,0,0,0,0,0,0,0,0,0,0,0,0,0,0
2000874,0,0,0,0,0,0,0,0,0,0,0,0,0,0,0,0,0,0,0,0
2000880,0,0,0,0,0,0,0,0,0,0,0,0,0,0,0,0,0,0,0,0
2000884,0,0,0,0,0,0,0,0,0,0,0,0,0,0,0,0,0,0,0,0
2000886,0,0,0,0,0,0,0,0,0,0,0,0,0,0,0,0,0,0,0,0
2000888,0,0,0,0,0,0,0,0,0,0,0,0,0,0,0,0,0,0,0,0
2000900,0,0,0,0,0,0,0,0,0,0,0,0,0,0,0,0,0,0,0,0
2000904,0,0,0,0,0,0,0,0,0,0,0,0,0,0,0,0,0,0,0,0
2000910,0,0,0,0,0,0,0,0,0,0,0,0,0,0,0,0,0,0,0,0
2000913,0,0,0,0,0,0,0,0,0,0,0,0,0,0,0,0,0,0,0,0
2000914,0,0,0,0,0,0,0,0,0,0,0,0,0,0,0,0,0,0,0,0
2000915,0,0,0,0,0,0,0,0,0,0,0,0,0,0,0,0,0,0,0,0
2000924,0,0,0,0,0,0,0,0,0,0,0,0,0,0,0,0,0,0,0,0
2000925,0,0,0,0,0,0,0,0,0,0,0,0,0,0,0,0,0,0,0,0
2000929,0,0,0,0,0,0,0,0,0,0,0,0,0,0,0,0,0,0,0,0
2000942,0,0,0,0,0,0,0,0,0,0,0,0,0,0,0,0,0,0,0,0
2000949,0,0,0,0,0,0,0,0,0,0,0,0,0,0,0,0,0,0,0,0
2000955,0,0,0,0,0,0,0,0,0,0,0,0,0,0,0,0,0,0,0,0
2000960,0,0,0,0,0,0,0,0,0,0,0,0,0,0,0,0,0,0,0,0
2000986,0,0,0,0,0,0,0,0,0,0,0,0,0,0,0,0,0,0,0,0
2000995,0,0,0,0,0,0,0,0,0,0,0,0,0,0,0,0,0,0,0,0
2000998,0,0,0,0,0,0,0,0,0,0,0,0,0,0,0,0,0,0,0,0
2001002,0,0,0,0,0,0,0,0,0,0,0,0,0,0,0,0,0,0,0,0
2001005,0,0,0,0,0,0,0,0,0,0,0,0,0,0,0,0,0,0,0,0
2001021,0,0,0,0,0,0,0,0,0,0,0,0,0,0,0,0,0,0,0,0
2001040,0,0,0,0,0,0,0,0,0,0,0,0,0,0,0,0,0,0,0,0
2001050,0,0,0,0,0,0,0,0,0,0,0,0,0,0,0,0,0,0,0,0
2001060,0,0,0,0,0,0,0,0,0,0,0,0,0,0,0,0,0,0,0,0
2001061,0,0,0,0,0,0,0,0,0,0,0,0,0,0,0,0,0,0,0,0
2001211,0,0,0,0,0,0,0,0,0,0,0,0,0,0,0,0,0,0,0,0
2001246,0,0,0,0,0,0,0,0,0,0,0,0,0,0,0,0,0,0,0,0
2001247,0,0,0,0,0,0,0,0,0,0,0,0,0,0,0,0,0,0,0,0
2001249,0,0,0,0,0,0,0,0,0,0,0,0,0,0,0,0,0,0,0,0
2001254,0,0,0,0,0,0,0,0,0,0,0,0,0,0,0,0,0,0,0,0
2001256,0,0,0,0,0,0,0,0,0,0,0,0,0,0,0,0,0,0,0,0
2001259,0,0,0,0,0,0,0,0,0,0,0,0,0,0,0,0,0,0,0,0
2001260,0,0,0,0,0,0,0,0,0,0,0,0,0,0,0,0,0,0,0,0
2001276,0,0,0,0,0,0,0,0,0,0,0,0,0,0,0,0,0,0,0,0
2001280,0,0,0,0,0,0,0,0,0,0,0,0,0,0,0,0,0,0,0,0
2001283,0,0,0,0,0,0,0,0,0,0,0,0,0,0,0,0,0,0,0,0
2001301,0,0,0,0,0,0,0,0,0,0,0,0,0,0,0,0,0,0,0,0
